PLAYER_NAME,TEAM_ABBREVIATION,GP,MIN,PTS,FGM,FGA,FG_PCT,FG3M,FG3A,FG3_PCT,FTM,FTA,FT_PCT,OREB,DREB,REB,AST,STL,BLK,TOV,PF,Fantasy_Points,Fantasy_Points_Per36
Aaron Gordon,DEN,1,38.7,50.0,17.0,21.0,0.81,10.0,11.0,0.909,6.0,6.0,1.0,0.0,8.0,8.0,2.0,0.0,1.0,2.0,1.0,85.0,79.07
Luka Dončić,LAL,1,41.0,43.0,17.0,27.0,0.63,2.0,10.0,0.2,7.0,10.0,0.7,0.0,12.0,12.0,9.0,2.0,1.0,3.0,1.0,85.0,74.63
Victor Wembanyama,SAS,1,29.7,40.0,15.0,21.0,0.714,1.0,2.0,0.5,9.0,11.0,0.818,1.0,14.0,15.0,1.0,1.0,3.0,0.0,4.0,81.0,98.18
Tyrese Maxey,PHI,1,41.4,40.0,13.0,24.0,0.542,7.0,9.0,0.778,7.0,8.0,0.875,0.0,2.0,2.0,6.0,2.0,1.0,1.0,5.0,72.0,62.61
Alperen Sengun,HOU,1,48.9,39.0,12.0,24.0,0.5,5.0,8.0,0.625,10.0,11.0,0.909,4.0,7.0,11.0,7.0,2.0,1.0,4.0,5.0,72.0,53.01
Walker Kessler,UTA,1,28.7,22.0,7.0,7.0,1.0,2.0,2.0,1.0,6.0,8.0,0.75,2.0,7.0,9.0,4.0,2.0,4.0,1.0,5.0,68.0,85.3
Shai Gilgeous-Alexander,OKC,2,46.3,45.0,13.5,28.5,0.474,1.5,8.0,0.188,16.5,20.0,0.825,0.0,6.5,6.5,5.0,2.0,1.5,2.5,3.0,67.0,52.1
DeMar DeRozan,SAC,1,37.4,29.0,12.0,17.0,0.706,1.0,2.0,0.5,4.0,9.0,0.444,2.0,4.0,6.0,9.0,2.0,1.0,1.0,2.0,66.0,63.53
Stephen Curry,GSW,2,34.5,32.5,10.0,19.5,0.513,4.5,10.5,0.429,8.0,8.0,1.0,0.0,3.5,3.5,5.5,3.0,1.0,2.0,2.0,64.0,66.78
Giannis Antetokounmpo,MIL,1,26.8,37.0,16.0,26.0,0.615,1.0,3.0,0.333,4.0,7.0,0.571,2.0,12.0,14.0,5.0,0.0,0.0,2.0,4.0,61.0,81.94
Scottie Barnes,TOR,1,31.9,22.0,9.0,14.0,0.643,0.0,0.0,0.0,4.0,4.0,1.0,0.0,6.0,6.0,9.0,1.0,2.0,1.0,4.0,60.0,67.71
Jamal Murray,DEN,1,40.0,25.0,11.0,20.0,0.55,1.0,4.0,0.25,2.0,2.0,1.0,1.0,2.0,3.0,10.0,3.0,0.0,3.0,2.0,57.0,51.3
Davion Mitchell,MIA,1,34.8,16.0,7.0,15.0,0.467,2.0,6.0,0.333,0.0,0.0,0.0,2.0,4.0,6.0,12.0,2.0,1.0,1.0,4.0,57.0,58.97
Nikola Vučević,CHI,1,32.6,28.0,11.0,18.0,0.611,4.0,6.0,0.667,2.0,2.0,1.0,4.0,10.0,14.0,2.0,1.0,0.0,1.0,2.0,56.0,61.84
Mikal Bridges,NYK,1,33.2,16.0,6.0,11.0,0.545,1.0,3.0,0.333,3.0,3.0,1.0,1.0,4.0,5.0,6.0,3.0,2.0,0.0,3.0,55.0,59.64
Isaiah Stewart,DET,1,24.9,20.0,8.0,14.0,0.571,2.0,2.0,1.0,2.0,2.0,1.0,5.0,5.0,10.0,2.0,0.0,4.0,0.0,3.0,54.0,78.07
Zion Williamson,NOP,1,33.5,27.0,10.0,21.0,0.476,0.0,0.0,0.0,7.0,12.0,0.583,5.0,4.0,9.0,5.0,5.0,0.0,3.0,2.0,54.0,58.03
OG Anunoby,NYK,1,37.5,24.0,9.0,17.0,0.529,4.0,9.0,0.444,2.0,4.0,0.5,2.0,12.0,14.0,2.0,3.0,1.0,4.0,0.0,53.0,50.88
Pascal Siakam,IND,1,44.1,32.0,12.0,25.0,0.48,3.0,6.0,0.5,5.0,12.0,0.417,3.0,12.0,15.0,4.0,1.0,0.0,1.0,1.0,52.0,42.45
Nikola Jokić,DEN,1,40.8,21.0,8.0,23.0,0.348,2.0,13.0,0.154,3.0,4.0,0.75,1.0,12.0,13.0,10.0,1.0,1.0,2.0,3.0,52.0,45.88
Julius Randle,MIN,1,37.3,19.0,7.0,13.0,0.538,3.0,5.0,0.6,2.0,4.0,0.5,1.0,6.0,7.0,6.0,2.0,1.0,0.0,3.0,52.0,50.19
Anthony Edwards,MIN,1,39.3,41.0,14.0,28.0,0.5,5.0,10.0,0.5,8.0,8.0,1.0,1.0,6.0,7.0,1.0,0.0,1.0,4.0,4.0,51.0,46.72
Ja Morant,MEM,1,28.7,35.0,13.0,20.0,0.65,2.0,6.0,0.333,7.0,8.0,0.875,0.0,3.0,3.0,3.0,1.0,0.0,2.0,2.0,51.0,63.97
RJ Barrett,TOR,1,30.0,25.0,9.0,12.0,0.75,2.0,4.0,0.5,5.0,5.0,1.0,2.0,6.0,8.0,5.0,2.0,0.0,4.0,5.0,51.0,61.2
Donovan Mitchell,CLE,1,35.9,31.0,12.0,25.0,0.48,2.0,9.0,0.222,5.0,5.0,1.0,0.0,2.0,2.0,5.0,2.0,1.0,3.0,2.0,50.0,50.14
Norman Powell,MIA,1,36.4,28.0,9.0,19.0,0.474,4.0,8.0,0.5,6.0,7.0,0.857,2.0,7.0,9.0,4.0,1.0,1.0,3.0,4.0,49.0,48.46
VJ Edgecombe,PHI,1,42.2,34.0,13.0,26.0,0.5,5.0,13.0,0.385,3.0,6.0,0.5,1.0,6.0,7.0,3.0,1.0,0.0,2.0,1.0,49.0,41.8
Austin Reaves,LAL,1,36.3,26.0,9.0,16.0,0.563,1.0,5.0,0.2,7.0,10.0,0.7,1.0,4.0,5.0,9.0,2.0,0.0,5.0,5.0,47.0,46.61
Jimmy Butler III,GSW,2,36.6,26.0,6.5,15.0,0.433,1.5,3.0,0.5,11.5,12.0,0.958,2.5,2.5,5.0,5.0,2.0,0.0,0.5,2.5,47.0,46.23
Jalen Johnson,ATL,1,34.8,22.0,7.0,13.0,0.538,0.0,2.0,0.0,8.0,10.0,0.8,0.0,7.0,7.0,8.0,1.0,1.0,3.0,1.0,46.0,47.59
Evan Mobley,CLE,1,35.9,22.0,8.0,18.0,0.444,4.0,8.0,0.5,2.0,5.0,0.4,0.0,8.0,8.0,3.0,3.0,1.0,3.0,3.0,45.0,45.13
Franz Wagner,ORL,1,35.5,24.0,9.0,17.0,0.529,2.0,5.0,0.4,4.0,6.0,0.667,0.0,4.0,4.0,6.0,2.0,0.0,2.0,5.0,45.0,45.63
Jerami Grant,POR,1,27.8,29.0,10.0,14.0,0.714,4.0,7.0,0.571,5.0,6.0,0.833,0.0,3.0,3.0,1.0,0.0,1.0,1.0,3.0,45.0,58.27
Cason Wallace,OKC,1,41.7,14.0,5.0,10.0,0.5,3.0,8.0,0.375,1.0,2.0,0.5,1.0,6.0,7.0,5.0,4.0,0.0,2.0,3.0,45.0,38.85
Herbert Jones,NOP,1,36.2,17.0,6.0,14.0,0.429,3.0,5.0,0.6,2.0,2.0,1.0,3.0,6.0,9.0,3.0,3.0,1.0,2.0,6.0,45.0,44.75
Kyshawn George,WAS,1,32.1,21.0,7.0,15.0,0.467,3.0,6.0,0.5,4.0,8.0,0.5,1.0,8.0,9.0,4.0,1.0,2.0,2.0,4.0,44.0,49.35
Anthony Davis,DAL,1,32.5,22.0,7.0,22.0,0.318,2.0,4.0,0.5,6.0,6.0,1.0,4.0,9.0,13.0,1.0,2.0,1.0,0.0,4.0,43.0,47.63
Derrick White,BOS,1,35.4,25.0,7.0,20.0,0.35,4.0,13.0,0.308,7.0,7.0,1.0,0.0,3.0,3.0,4.0,1.0,1.0,0.0,1.0,42.0,42.71
Jaren Jackson Jr.,MEM,1,26.6,18.0,7.0,14.0,0.5,0.0,4.0,0.0,4.0,4.0,1.0,2.0,6.0,8.0,1.0,0.0,6.0,5.0,6.0,42.0,56.84
Miles Bridges,CHA,1,30.8,18.0,6.0,11.0,0.545,3.0,6.0,0.5,3.0,4.0,0.75,2.0,9.0,11.0,4.0,1.0,0.0,1.0,1.0,42.0,49.09
Bennedict Mathurin,IND,1,45.1,36.0,9.0,19.0,0.474,3.0,8.0,0.375,15.0,17.0,0.882,3.0,8.0,11.0,1.0,0.0,0.0,4.0,6.0,41.0,32.73
Brandon Miller,CHA,1,30.5,25.0,8.0,19.0,0.421,2.0,9.0,0.222,7.0,10.0,0.7,0.0,0.0,0.0,7.0,1.0,1.0,1.0,4.0,41.0,48.39
Ben Sheppard,IND,1,39.0,15.0,5.0,11.0,0.455,3.0,7.0,0.429,2.0,2.0,1.0,2.0,6.0,8.0,4.0,1.0,1.0,0.0,6.0,41.0,37.85
Lauri Markkanen,UTA,1,33.5,20.0,8.0,13.0,0.615,4.0,7.0,0.571,0.0,0.0,0.0,2.0,4.0,6.0,5.0,0.0,0.0,1.0,0.0,41.0,44.06
Ronald Holland II,DET,1,27.0,19.0,6.0,10.0,0.6,1.0,4.0,0.25,6.0,6.0,1.0,0.0,4.0,4.0,3.0,2.0,1.0,2.0,5.0,40.0,53.33
Ausar Thompson,DET,1,33.0,11.0,5.0,8.0,0.625,0.0,0.0,0.0,1.0,3.0,0.333,0.0,9.0,9.0,7.0,1.0,1.0,1.0,3.0,40.0,43.64
Stephon Castle,SAS,1,28.5,22.0,8.0,12.0,0.667,1.0,3.0,0.333,5.0,10.0,0.5,2.0,5.0,7.0,6.0,2.0,0.0,5.0,2.0,39.0,49.26
Ryan Dunn,PHX,1,24.7,9.0,4.0,9.0,0.444,1.0,4.0,0.25,0.0,2.0,0.0,5.0,5.0,10.0,3.0,1.0,3.0,0.0,2.0,39.0,56.84
Tre Jones,CHI,1,31.6,12.0,5.0,8.0,0.625,1.0,1.0,1.0,1.0,2.0,0.5,0.0,1.0,1.0,8.0,3.0,0.0,2.0,3.0,39.0,44.43
Jaden McDaniels,MIN,1,29.0,18.0,6.0,12.0,0.5,3.0,4.0,0.75,3.0,4.0,0.75,0.0,5.0,5.0,2.0,1.0,3.0,3.0,4.0,39.0,48.41
Draymond Green,GSW,2,31.4,10.5,4.0,7.0,0.571,1.5,4.0,0.375,1.0,2.5,0.4,0.5,7.0,7.5,8.5,0.5,1.5,2.5,3.5,39.0,44.71
Keyonte George,UTA,1,29.9,16.0,6.0,12.0,0.5,1.0,7.0,0.143,3.0,4.0,0.75,0.0,2.0,2.0,9.0,2.0,0.0,3.0,1.0,38.0,45.75
Matas Buzelis,CHI,1,33.8,21.0,7.0,12.0,0.583,0.0,3.0,0.0,7.0,7.0,1.0,2.0,4.0,6.0,1.0,0.0,3.0,3.0,3.0,37.0,39.41
Ivica Zubac,LAC,1,27.2,19.0,9.0,13.0,0.692,0.0,0.0,0.0,1.0,1.0,1.0,3.0,4.0,7.0,3.0,0.0,1.0,2.0,0.0,37.0,48.97
Khris Middleton,WAS,1,28.5,23.0,9.0,14.0,0.643,3.0,5.0,0.6,2.0,3.0,0.667,1.0,5.0,6.0,3.0,0.0,0.0,2.0,4.0,37.0,46.74
Kristaps Porziņģis,ATL,1,25.6,20.0,5.0,12.0,0.417,4.0,7.0,0.571,6.0,6.0,1.0,2.0,5.0,7.0,2.0,0.0,2.0,2.0,4.0,37.0,52.03
Cade Cunningham,DET,1,34.3,23.0,8.0,24.0,0.333,1.0,6.0,0.167,6.0,10.0,0.6,2.0,5.0,7.0,10.0,1.0,0.0,3.0,6.0,37.0,38.83
Gary Trent Jr.,MIL,1,24.4,17.0,6.0,12.0,0.5,5.0,11.0,0.455,0.0,0.0,0.0,0.0,4.0,4.0,2.0,2.0,0.0,1.0,1.0,36.0,53.11
Myles Turner,MIL,1,29.1,11.0,4.0,12.0,0.333,2.0,8.0,0.25,1.0,2.0,0.5,1.0,7.0,8.0,5.0,0.0,3.0,1.0,3.0,36.0,44.54
Jaylen Brown,BOS,1,36.2,25.0,9.0,18.0,0.5,2.0,4.0,0.5,5.0,6.0,0.833,0.0,6.0,6.0,4.0,0.0,0.0,2.0,4.0,36.0,35.8
Grayson Allen,PHX,1,35.6,18.0,6.0,12.0,0.5,3.0,7.0,0.429,3.0,3.0,1.0,1.0,4.0,5.0,7.0,1.0,0.0,4.0,3.0,36.0,36.4
Paolo Banchero,ORL,1,35.4,24.0,7.0,17.0,0.412,1.0,3.0,0.333,9.0,12.0,0.75,0.0,11.0,11.0,1.0,1.0,1.0,2.0,1.0,36.0,36.61
Cedric Coward,MEM,1,22.2,14.0,5.0,5.0,1.0,0.0,0.0,0.0,4.0,4.0,1.0,0.0,3.0,3.0,1.0,2.0,1.0,0.0,2.0,36.0,58.38
Kyle Kuzma,MIL,1,23.3,12.0,5.0,10.0,0.5,0.0,2.0,0.0,2.0,2.0,1.0,0.0,4.0,4.0,3.0,2.0,2.0,1.0,1.0,36.0,55.62
Obi Toppin,IND,1,40.0,20.0,8.0,18.0,0.444,0.0,8.0,0.0,4.0,4.0,1.0,0.0,5.0,5.0,3.0,2.0,0.0,1.0,3.0,35.0,31.5
Dillon Brooks,PHX,1,33.9,22.0,9.0,24.0,0.375,1.0,8.0,0.125,3.0,3.0,1.0,1.0,3.0,4.0,3.0,2.0,1.0,2.0,5.0,35.0,37.17
Jalen Duren,DET,1,19.8,15.0,7.0,12.0,0.583,0.0,0.0,0.0,1.0,2.0,0.5,4.0,2.0,6.0,1.0,1.0,2.0,1.0,4.0,34.0,61.82
Chet Holmgren,OKC,2,38.7,21.5,7.5,14.5,0.517,1.0,5.5,0.182,5.5,6.0,0.917,2.5,7.0,9.5,2.0,1.0,0.0,3.0,4.5,34.0,31.63
Dennis Schröder,SAC,1,29.7,14.0,6.0,13.0,0.462,2.0,4.0,0.5,0.0,0.0,0.0,0.0,1.0,1.0,7.0,2.0,1.0,4.0,3.0,34.0,41.21
Goga Bitadze,ORL,1,18.5,8.0,3.0,4.0,0.75,0.0,1.0,0.0,2.0,2.0,1.0,3.0,5.0,8.0,4.0,1.0,1.0,0.0,1.0,34.0,66.16
James Harden,LAC,1,29.2,15.0,5.0,12.0,0.417,2.0,9.0,0.222,3.0,4.0,0.75,0.0,2.0,2.0,11.0,0.0,0.0,2.0,1.0,34.0,41.92
Josh Giddey,CHI,1,28.8,19.0,5.0,12.0,0.417,1.0,2.0,0.5,8.0,11.0,0.727,1.0,4.0,5.0,11.0,0.0,1.0,6.0,5.0,34.0,42.5
Brice Sensabaugh,UTA,1,22.7,20.0,7.0,13.0,0.538,3.0,7.0,0.429,3.0,3.0,1.0,0.0,4.0,4.0,2.0,1.0,0.0,1.0,5.0,34.0,53.92
Ajay Mitchell,OKC,2,26.4,21.0,7.5,15.5,0.484,1.5,4.5,0.333,4.5,4.5,1.0,1.0,1.5,2.5,3.0,0.5,0.5,0.5,2.0,33.5,45.68
Zach LaVine,SAC,1,34.6,30.0,13.0,24.0,0.542,2.0,10.0,0.2,2.0,3.0,0.667,0.0,2.0,2.0,1.0,0.0,0.0,2.0,3.0,33.0,34.34
Jalen Suggs,ORL,1,16.5,14.0,6.0,7.0,0.857,2.0,3.0,0.667,0.0,0.0,0.0,0.0,4.0,4.0,2.0,2.0,0.0,2.0,3.0,33.0,72.0
Jrue Holiday,POR,1,33.1,14.0,5.0,15.0,0.333,1.0,7.0,0.143,3.0,4.0,0.75,0.0,6.0,6.0,7.0,3.0,0.0,4.0,3.0,33.0,35.89
Gradey Dick,TOR,1,24.0,21.0,6.0,10.0,0.6,2.0,4.0,0.5,7.0,8.0,0.875,1.0,4.0,5.0,0.0,1.0,0.0,0.0,1.0,33.0,49.5
Jonathan Kuminga,GSW,2,34.6,15.5,6.0,11.0,0.545,2.5,5.0,0.5,1.0,2.5,0.4,2.0,5.0,7.0,4.5,0.5,0.0,1.5,3.0,32.5,33.82
LaMelo Ball,CHA,1,33.6,20.0,7.0,15.0,0.467,4.0,8.0,0.5,2.0,5.0,0.4,1.0,1.0,2.0,8.0,0.0,0.0,3.0,3.0,32.0,34.29
Desmond Bane,ORL,1,32.5,23.0,7.0,18.0,0.389,3.0,6.0,0.5,6.0,6.0,1.0,0.0,4.0,4.0,3.0,0.0,2.0,4.0,4.0,32.0,35.45
Devin Booker,PHX,1,36.4,31.0,10.0,19.0,0.526,1.0,3.0,0.333,10.0,15.0,0.667,2.0,3.0,5.0,3.0,1.0,0.0,6.0,5.0,31.0,30.66
John Collins,LAC,1,27.9,14.0,6.0,12.0,0.5,1.0,2.0,0.5,1.0,2.0,0.5,3.0,4.0,7.0,1.0,1.0,2.0,2.0,1.0,31.0,40.0
Kevin Durant,HOU,1,47.1,23.0,9.0,16.0,0.563,0.0,4.0,0.0,5.0,6.0,0.833,0.0,9.0,9.0,3.0,0.0,0.0,4.0,6.0,31.0,23.69
Onyeka Okongwu,ATL,1,29.8,18.0,8.0,12.0,0.667,1.0,2.0,0.5,1.0,1.0,1.0,2.0,4.0,6.0,1.0,0.0,0.0,0.0,2.0,31.0,37.45
Amen Thompson,HOU,1,38.6,18.0,8.0,17.0,0.471,0.0,7.0,0.0,2.0,2.0,1.0,2.0,2.0,4.0,5.0,1.0,1.0,4.0,3.0,31.0,28.91
Walter Clayton Jr.,UTA,1,18.1,10.0,4.0,8.0,0.5,1.0,3.0,0.333,1.0,1.0,1.0,3.0,3.0,6.0,5.0,2.0,0.0,2.0,2.0,31.0,61.66
Devin Vassell,SAS,1,30.9,13.0,6.0,14.0,0.429,1.0,4.0,0.25,0.0,1.0,0.0,1.0,2.0,3.0,4.0,2.0,0.0,0.0,0.0,30.0,34.95
Dominick Barlow,PHI,1,34.4,13.0,4.0,8.0,0.5,0.0,2.0,0.0,5.0,6.0,0.833,5.0,3.0,8.0,5.0,0.0,1.0,2.0,3.0,30.0,31.4
Keldon Johnson,SAS,1,24.7,11.0,5.0,6.0,0.833,1.0,1.0,1.0,0.0,0.0,0.0,2.0,3.0,5.0,2.0,1.0,0.0,0.0,2.0,29.0,42.27
Egor Dëmin,BKN,1,22.3,14.0,4.0,6.0,0.667,4.0,6.0,0.667,2.0,2.0,1.0,0.0,5.0,5.0,2.0,1.0,0.0,2.0,3.0,29.0,46.82
P.J. Washington,DAL,1,29.4,17.0,7.0,11.0,0.636,2.0,3.0,0.667,1.0,1.0,1.0,1.0,4.0,5.0,1.0,0.0,1.0,2.0,4.0,29.0,35.51
Jaime Jaquez Jr.,MIA,1,29.8,13.0,6.0,7.0,0.857,0.0,1.0,0.0,1.0,2.0,0.5,1.0,5.0,6.0,1.0,2.0,0.0,2.0,3.0,29.0,35.03
Donovan Clingan,POR,1,30.0,8.0,3.0,5.0,0.6,2.0,4.0,0.5,0.0,0.0,0.0,2.0,4.0,6.0,1.0,2.0,1.0,1.0,3.0,29.0,34.8
Jakob Poeltl,TOR,1,22.4,14.0,7.0,8.0,0.875,0.0,0.0,0.0,0.0,1.0,0.0,3.0,3.0,6.0,2.0,0.0,1.0,2.0,6.0,29.0,46.61
Andrew Wiggins,MIA,1,31.9,18.0,6.0,12.0,0.5,1.0,5.0,0.2,5.0,7.0,0.714,0.0,4.0,4.0,1.0,1.0,1.0,1.0,4.0,29.0,32.73
Anfernee Simons,BOS,1,32.3,13.0,5.0,10.0,0.5,2.0,6.0,0.333,1.0,1.0,1.0,1.0,3.0,4.0,1.0,1.0,1.0,0.0,2.0,29.0,32.32
Tre Mann,CHA,1,20.7,12.0,4.0,7.0,0.571,2.0,3.0,0.667,2.0,3.0,0.667,1.0,2.0,3.0,6.0,1.0,0.0,2.0,1.0,29.0,50.43
Immanuel Quickley,TOR,1,28.7,13.0,5.0,12.0,0.417,0.0,7.0,0.0,3.0,4.0,0.75,0.0,4.0,4.0,8.0,1.0,0.0,3.0,3.0,28.0,35.12
Kevin Huerter,CHI,1,27.2,15.0,4.0,11.0,0.364,2.0,6.0,0.333,5.0,6.0,0.833,1.0,4.0,5.0,0.0,1.0,2.0,1.0,2.0,28.0,37.06
Moussa Diabaté,CHA,1,21.2,13.0,5.0,7.0,0.714,0.0,0.0,0.0,3.0,4.0,0.75,4.0,5.0,9.0,0.0,1.0,1.0,2.0,3.0,28.0,47.55
Tobias Harris,DET,1,34.4,10.0,4.0,12.0,0.333,1.0,3.0,0.333,1.0,1.0,1.0,2.0,7.0,9.0,4.0,1.0,0.0,0.0,2.0,28.0,29.3
Terrence Shannon Jr.,MIN,1,25.5,10.0,4.0,7.0,0.571,2.0,2.0,1.0,0.0,0.0,0.0,1.0,4.0,5.0,5.0,1.0,0.0,2.0,3.0,28.0,39.53
Malik Monk,SAC,1,27.4,19.0,7.0,13.0,0.538,3.0,4.0,0.75,2.0,2.0,1.0,0.0,1.0,1.0,2.0,0.0,0.0,0.0,2.0,28.0,36.79
Sam Merrill,CLE,1,28.4,19.0,6.0,11.0,0.545,5.0,10.0,0.5,2.0,2.0,1.0,1.0,2.0,3.0,1.0,0.0,0.0,1.0,6.0,28.0,35.49
Tre Johnson,WAS,1,26.2,16.0,5.0,11.0,0.455,4.0,8.0,0.5,2.0,2.0,1.0,2.0,3.0,5.0,2.0,1.0,1.0,4.0,1.0,28.0,38.47
Trae Young,ATL,1,34.3,22.0,5.0,14.0,0.357,1.0,7.0,0.143,11.0,13.0,0.846,0.0,1.0,1.0,5.0,1.0,0.0,2.0,4.0,28.0,29.39
Toumani Camara,POR,1,34.7,10.0,3.0,9.0,0.333,2.0,5.0,0.4,2.0,2.0,1.0,4.0,5.0,9.0,5.0,0.0,0.0,0.0,1.0,28.0,29.05
Payton Pritchard,BOS,1,37.2,16.0,6.0,14.0,0.429,1.0,7.0,0.143,3.0,4.0,0.75,2.0,3.0,5.0,2.0,2.0,0.0,2.0,3.0,27.0,26.13
Cole Anthony,MIL,1,12.0,9.0,4.0,5.0,0.8,1.0,2.0,0.5,0.0,0.0,0.0,0.0,2.0,2.0,5.0,0.0,1.0,1.0,5.0,27.0,81.0
Jarace Walker,IND,1,30.3,13.0,6.0,11.0,0.545,1.0,5.0,0.2,0.0,0.0,0.0,1.0,3.0,4.0,4.0,1.0,0.0,2.0,4.0,27.0,32.08
Alex Caruso,OKC,1,30.2,8.0,3.0,9.0,0.333,2.0,6.0,0.333,0.0,0.0,0.0,0.0,2.0,2.0,3.0,2.0,1.0,0.0,2.0,27.0,32.19
Ryan Kalkbrenner,CHA,1,26.8,10.0,5.0,6.0,0.833,0.0,0.0,0.0,0.0,0.0,0.0,5.0,6.0,11.0,1.0,0.0,2.0,4.0,4.0,27.0,36.27
Saddiq Bey,NOP,1,29.6,13.0,5.0,12.0,0.417,1.0,5.0,0.2,2.0,4.0,0.5,3.0,3.0,6.0,3.0,1.0,0.0,0.0,2.0,26.0,31.62
Taylor Hendricks,UTA,1,18.7,13.0,4.0,6.0,0.667,2.0,3.0,0.667,3.0,4.0,0.75,2.0,4.0,6.0,0.0,1.0,1.0,2.0,1.0,26.0,50.05
Jabari Smith Jr.,HOU,1,41.8,16.0,7.0,15.0,0.467,2.0,6.0,0.333,0.0,0.0,0.0,3.0,2.0,5.0,0.0,1.0,0.0,0.0,4.0,26.0,22.39
Jaylen Wells,MEM,1,27.5,14.0,4.0,8.0,0.5,4.0,8.0,0.5,2.0,5.0,0.4,0.0,3.0,3.0,4.0,1.0,0.0,2.0,3.0,26.0,34.04
Taurean Prince,MIL,1,22.0,11.0,4.0,5.0,0.8,3.0,4.0,0.75,0.0,0.0,0.0,0.0,1.0,1.0,2.0,1.0,0.0,0.0,2.0,26.0,42.55
Brandon Ingram,TOR,1,26.9,16.0,7.0,16.0,0.438,0.0,2.0,0.0,2.0,3.0,0.667,2.0,7.0,9.0,3.0,2.0,0.0,5.0,3.0,26.0,34.8
Aaron Wiggins,OKC,2,28.1,16.5,5.5,11.0,0.5,3.5,7.0,0.5,2.0,2.0,1.0,0.0,5.0,5.0,0.5,0.0,0.5,1.0,2.5,26.0,33.31
Kyle Filipowski,UTA,1,24.5,9.0,4.0,10.0,0.4,1.0,6.0,0.167,0.0,0.0,0.0,2.0,2.0,4.0,5.0,0.0,1.0,0.0,5.0,26.0,38.2
Neemias Queta,BOS,1,25.1,17.0,7.0,8.0,0.875,0.0,0.0,0.0,3.0,4.0,0.75,2.0,6.0,8.0,0.0,0.0,0.0,2.0,6.0,26.0,37.29
Nic Claxton,BKN,1,23.0,17.0,8.0,12.0,0.667,0.0,1.0,0.0,1.0,2.0,0.5,2.0,2.0,4.0,2.0,0.0,0.0,1.0,0.0,26.0,40.7
Karl-Anthony Towns,NYK,1,31.0,19.0,5.0,12.0,0.417,1.0,4.0,0.25,8.0,9.0,0.889,1.0,10.0,11.0,2.0,0.0,0.0,3.0,4.0,26.0,30.19
Zaccharie Risacher,ATL,1,20.6,16.0,7.0,13.0,0.538,2.0,6.0,0.333,0.0,0.0,0.0,2.0,0.0,2.0,0.0,0.0,1.0,0.0,1.0,25.0,43.69
Dean Wade,CLE,1,28.1,10.0,3.0,3.0,1.0,3.0,3.0,1.0,1.0,2.0,0.5,0.0,2.0,2.0,0.0,1.0,1.0,0.0,4.0,25.0,32.03
Svi Mykhailiuk,UTA,1,24.4,9.0,3.0,4.0,0.75,3.0,4.0,0.75,0.0,0.0,0.0,0.0,1.0,1.0,3.0,1.0,0.0,0.0,0.0,25.0,36.89
Day'Ron Sharpe,BKN,1,14.1,14.0,6.0,7.0,0.857,1.0,2.0,0.5,1.0,2.0,0.5,1.0,3.0,4.0,0.0,1.0,2.0,5.0,5.0,25.0,63.83
Jalen Brunson,NYK,1,34.4,23.0,5.0,18.0,0.278,1.0,9.0,0.111,12.0,13.0,0.923,0.0,4.0,4.0,5.0,0.0,0.0,2.0,3.0,25.0,26.16
Royce O'Neale,PHX,1,29.1,12.0,4.0,8.0,0.5,3.0,7.0,0.429,1.0,2.0,0.5,2.0,3.0,5.0,2.0,1.0,0.0,1.0,2.0,25.0,30.93
Mark Williams,PHX,1,23.6,6.0,3.0,5.0,0.6,0.0,0.0,0.0,0.0,0.0,0.0,2.0,9.0,11.0,0.0,0.0,2.0,1.0,2.0,24.0,36.61
Bub Carrington,WAS,1,29.0,11.0,4.0,9.0,0.444,3.0,4.0,0.75,0.0,0.0,0.0,0.0,5.0,5.0,2.0,1.0,0.0,1.0,3.0,24.0,29.79
Drew Eubanks,SAC,1,21.9,4.0,1.0,4.0,0.25,0.0,0.0,0.0,2.0,4.0,0.5,1.0,3.0,4.0,0.0,2.0,4.0,2.0,1.0,24.0,39.45
Collin Sexton,CHA,1,17.2,15.0,4.0,9.0,0.444,1.0,2.0,0.5,6.0,7.0,0.857,0.0,1.0,1.0,3.0,1.0,0.0,1.0,2.0,23.0,48.14
Miles McBride,NYK,1,25.9,15.0,4.0,7.0,0.571,4.0,6.0,0.667,3.0,4.0,0.75,1.0,1.0,2.0,1.0,1.0,0.0,2.0,4.0,23.0,31.97
Collin Gillespie,PHX,1,22.3,7.0,3.0,9.0,0.333,1.0,4.0,0.25,0.0,0.0,0.0,2.0,0.0,2.0,4.0,1.0,1.0,0.0,2.0,23.0,37.13
Ayo Dosunmu,CHI,1,26.5,14.0,6.0,14.0,0.429,2.0,5.0,0.4,0.0,0.0,0.0,2.0,3.0,5.0,2.0,0.0,0.0,0.0,1.0,23.0,31.25
Nique Clifford,SAC,1,23.7,2.0,1.0,3.0,0.333,0.0,0.0,0.0,0.0,0.0,0.0,3.0,5.0,8.0,2.0,2.0,1.0,1.0,4.0,23.0,34.94
Alex Sarr,WAS,1,25.5,10.0,5.0,10.0,0.5,0.0,0.0,0.0,0.0,2.0,0.0,1.0,10.0,11.0,3.0,0.0,0.0,1.0,1.0,23.0,32.47
Jusuf Nurkić,UTA,1,16.9,8.0,4.0,9.0,0.444,0.0,3.0,0.0,0.0,0.0,0.0,1.0,3.0,4.0,3.0,2.0,0.0,1.0,1.0,23.0,48.99
Deni Avdija,POR,1,33.0,20.0,6.0,16.0,0.375,0.0,6.0,0.0,8.0,10.0,0.8,0.0,7.0,7.0,1.0,0.0,1.0,2.0,2.0,23.0,25.09
Jamal Shead,TOR,1,19.3,10.0,3.0,5.0,0.6,1.0,2.0,0.5,3.0,4.0,0.75,1.0,1.0,2.0,5.0,1.0,0.0,2.0,1.0,23.0,42.9
Isaiah Hartenstein,OKC,2,36.9,5.5,2.0,4.5,0.444,0.0,0.5,0.0,1.5,2.5,0.6,2.5,8.5,11.0,3.5,1.0,0.0,1.5,5.5,23.0,22.44
Terance Mann,BKN,1,19.5,13.0,4.0,6.0,0.667,2.0,3.0,0.667,3.0,3.0,1.0,1.0,0.0,1.0,1.0,1.0,0.0,1.0,4.0,22.0,40.62
Wendell Carter Jr.,ORL,1,29.5,9.0,2.0,5.0,0.4,0.0,1.0,0.0,5.0,5.0,1.0,5.0,3.0,8.0,1.0,1.0,1.0,2.0,4.0,22.0,26.85
Jordan Poole,NOP,1,31.2,17.0,6.0,14.0,0.429,3.0,7.0,0.429,2.0,2.0,1.0,0.0,0.0,0.0,2.0,0.0,0.0,0.0,3.0,22.0,25.38
Jonas Valančiūnas,DEN,1,12.2,8.0,4.0,5.0,0.8,0.0,0.0,0.0,0.0,0.0,0.0,0.0,3.0,3.0,2.0,0.0,1.0,0.0,1.0,22.0,64.92
Cam Whitmore,WAS,1,19.5,14.0,6.0,12.0,0.5,1.0,5.0,0.2,1.0,1.0,1.0,2.0,3.0,5.0,1.0,0.0,0.0,0.0,1.0,22.0,40.62
AJ Green,MIL,1,27.2,11.0,4.0,6.0,0.667,3.0,5.0,0.6,0.0,0.0,0.0,0.0,3.0,3.0,1.0,0.0,0.0,0.0,3.0,21.0,27.79
Michael Porter Jr.,BKN,1,25.3,12.0,5.0,15.0,0.333,2.0,7.0,0.286,0.0,2.0,0.0,1.0,3.0,4.0,5.0,0.0,0.0,0.0,2.0,21.0,29.88
Naz Reid,MIN,1,19.9,6.0,2.0,4.0,0.5,0.0,1.0,0.0,2.0,2.0,1.0,1.0,2.0,3.0,1.0,1.0,2.0,1.0,2.0,21.0,37.99
Kevin Porter Jr.,MIL,1,9.4,10.0,3.0,5.0,0.6,2.0,3.0,0.667,2.0,2.0,1.0,0.0,0.0,0.0,2.0,1.0,0.0,0.0,0.0,21.0,80.43
Jeremiah Fears,NOP,1,18.3,17.0,7.0,10.0,0.7,0.0,1.0,0.0,3.0,3.0,1.0,0.0,0.0,0.0,2.0,0.0,0.0,2.0,2.0,21.0,41.31
Brook Lopez,LAC,1,17.0,15.0,5.0,12.0,0.417,5.0,11.0,0.455,0.0,0.0,0.0,1.0,2.0,3.0,0.0,1.0,0.0,2.0,3.0,21.0,44.47
Xavier Tillman,BOS,1,15.6,4.0,2.0,8.0,0.25,0.0,3.0,0.0,0.0,0.0,0.0,3.0,4.0,7.0,1.0,2.0,1.0,0.0,4.0,21.0,48.46
Buddy Hield,GSW,2,22.6,14.0,5.5,12.0,0.458,3.0,8.5,0.353,0.0,0.0,0.0,0.0,1.5,1.5,1.0,1.0,0.0,1.5,0.5,20.5,32.65
Derrick Jones Jr.,LAC,1,17.7,12.0,5.0,7.0,0.714,1.0,3.0,0.333,1.0,2.0,0.5,1.0,0.0,1.0,1.0,0.0,1.0,1.0,4.0,20.0,40.68
Rudy Gobert,MIN,1,31.9,10.0,3.0,4.0,0.75,0.0,0.0,0.0,4.0,6.0,0.667,3.0,3.0,6.0,0.0,0.0,1.0,0.0,6.0,20.0,22.57
Rui Hachimura,LAL,1,35.4,9.0,3.0,6.0,0.5,3.0,6.0,0.5,0.0,0.0,0.0,0.0,4.0,4.0,3.0,0.0,0.0,1.0,2.0,20.0,20.34
Kawhi Leonard,LAC,1,29.1,10.0,3.0,9.0,0.333,1.0,5.0,0.2,3.0,3.0,1.0,1.0,3.0,4.0,2.0,1.0,1.0,2.0,2.0,20.0,24.74
Bruce Brown,DEN,1,19.4,4.0,2.0,3.0,0.667,0.0,0.0,0.0,0.0,0.0,0.0,1.0,4.0,5.0,3.0,1.0,0.0,0.0,4.0,20.0,37.11
Donte DiVincenzo,MIN,1,20.4,7.0,3.0,6.0,0.5,1.0,3.0,0.333,0.0,0.0,0.0,0.0,4.0,4.0,2.0,2.0,2.0,6.0,1.0,20.0,35.29
Trey Murphy III,NOP,1,31.9,13.0,5.0,15.0,0.333,1.0,6.0,0.167,2.0,2.0,1.0,2.0,5.0,7.0,3.0,0.0,0.0,1.0,4.0,20.0,22.57
Reed Sheppard,HOU,1,27.8,9.0,3.0,11.0,0.273,2.0,7.0,0.286,1.0,2.0,0.5,1.0,1.0,2.0,4.0,1.0,1.0,2.0,1.0,19.0,24.6
Simone Fontecchio,MIA,1,19.0,13.0,6.0,9.0,0.667,1.0,3.0,0.333,0.0,0.0,0.0,1.0,1.0,2.0,1.0,0.0,0.0,1.0,2.0,19.0,36.0
Larry Nance Jr.,CLE,1,17.0,10.0,4.0,7.0,0.571,2.0,2.0,1.0,0.0,0.0,0.0,1.0,5.0,6.0,1.0,0.0,0.0,1.0,3.0,19.0,40.24
Ryan Rollins,MIL,1,29.5,9.0,2.0,9.0,0.222,1.0,6.0,0.167,4.0,4.0,1.0,2.0,2.0,4.0,3.0,2.0,0.0,2.0,3.0,19.0,23.19
Corey Kispert,WAS,1,18.0,11.0,4.0,8.0,0.5,3.0,7.0,0.429,0.0,0.0,0.0,0.0,1.0,1.0,1.0,0.0,1.0,1.0,0.0,19.0,38.0
Brandin Podziemski,GSW,2,33.5,9.0,3.5,8.0,0.438,1.5,5.0,0.3,0.5,1.0,0.5,1.0,4.0,5.0,1.5,1.0,0.0,1.0,2.5,19.0,20.42
Kel'el Ware,MIA,1,13.8,7.0,3.0,5.0,0.6,1.0,2.0,0.5,0.0,0.0,0.0,1.0,3.0,4.0,0.0,1.0,1.0,1.0,2.0,19.0,49.57
Blake Wesley,POR,1,14.9,7.0,2.0,5.0,0.4,0.0,1.0,0.0,3.0,5.0,0.6,0.0,3.0,3.0,4.0,2.0,0.0,2.0,1.0,19.0,45.91
Tidjane Salaün,CHA,1,17.2,10.0,4.0,7.0,0.571,2.0,3.0,0.667,0.0,0.0,0.0,0.0,4.0,4.0,1.0,0.0,0.0,0.0,2.0,19.0,39.77
Tristan da Silva,ORL,1,18.3,16.0,5.0,8.0,0.625,3.0,5.0,0.6,3.0,4.0,0.75,0.0,1.0,1.0,0.0,0.0,0.0,1.0,0.0,19.0,37.38
Jock Landale,MEM,1,25.3,10.0,3.0,7.0,0.429,1.0,3.0,0.333,3.0,4.0,0.75,2.0,2.0,4.0,0.0,0.0,2.0,1.0,6.0,19.0,27.04
Kon Knueppel,CHA,1,25.5,11.0,4.0,6.0,0.667,3.0,4.0,0.75,0.0,0.0,0.0,0.0,5.0,5.0,1.0,0.0,0.0,2.0,3.0,19.0,26.82
Bam Adebayo,MIA,1,34.2,15.0,4.0,13.0,0.308,1.0,5.0,0.2,6.0,7.0,0.857,3.0,9.0,12.0,2.0,0.0,0.0,4.0,3.0,18.0,18.95
Keon Ellis,SAC,1,13.0,9.0,4.0,5.0,0.8,1.0,2.0,0.5,0.0,0.0,0.0,0.0,1.0,1.0,0.0,1.0,0.0,0.0,1.0,18.0,49.85
Al Horford,GSW,2,24.6,9.0,3.5,7.0,0.5,2.0,4.0,0.5,0.0,0.0,0.0,0.5,3.5,4.0,1.5,0.5,0.5,2.0,3.0,18.0,26.34
Anthony Black,ORL,1,23.3,7.0,3.0,9.0,0.333,1.0,2.0,0.5,0.0,0.0,0.0,0.0,3.0,3.0,3.0,0.0,1.0,0.0,2.0,18.0,27.81
Ben Saraf,BKN,1,20.0,8.0,2.0,7.0,0.286,0.0,3.0,0.0,4.0,6.0,0.667,1.0,6.0,7.0,4.0,0.0,0.0,0.0,2.0,18.0,32.4
Tim Hardaway Jr.,DEN,1,21.8,10.0,4.0,8.0,0.5,2.0,5.0,0.4,0.0,0.0,0.0,1.0,1.0,2.0,0.0,1.0,0.0,0.0,1.0,18.0,29.72
Sandro Mamukelashvili,TOR,1,17.2,7.0,3.0,6.0,0.5,1.0,1.0,1.0,0.0,0.0,0.0,0.0,4.0,4.0,3.0,0.0,1.0,2.0,4.0,18.0,37.67
Santi Aldama,MEM,1,24.2,5.0,2.0,7.0,0.286,0.0,3.0,0.0,1.0,3.0,0.333,1.0,5.0,6.0,2.0,1.0,2.0,2.0,5.0,18.0,26.78
Will Richard,GSW,2,15.1,5.5,2.0,3.5,0.571,1.0,2.5,0.4,0.5,1.0,0.5,1.0,2.0,3.0,2.0,1.0,0.0,0.0,1.5,17.5,41.72
Nickeil Alexander-Walker,ATL,1,28.1,10.0,2.0,15.0,0.133,1.0,5.0,0.2,5.0,6.0,0.833,1.0,3.0,4.0,4.0,1.0,1.0,1.0,2.0,17.0,21.78
Luke Kornet,SAS,1,15.8,2.0,1.0,3.0,0.333,0.0,0.0,0.0,0.0,0.0,0.0,1.0,3.0,4.0,3.0,0.0,2.0,1.0,3.0,17.0,38.73
Kentavious Caldwell-Pope,MEM,1,30.7,15.0,2.0,8.0,0.25,2.0,7.0,0.286,9.0,9.0,1.0,0.0,4.0,4.0,3.0,0.0,0.0,3.0,3.0,17.0,19.93
Landry Shamet,NYK,1,13.8,9.0,2.0,4.0,0.5,2.0,3.0,0.667,3.0,3.0,1.0,0.0,2.0,2.0,1.0,1.0,0.0,1.0,1.0,17.0,44.35
Jay Huff,IND,1,11.8,5.0,2.0,4.0,0.5,1.0,2.0,0.5,0.0,0.0,0.0,1.0,2.0,3.0,0.0,0.0,2.0,0.0,1.0,17.0,51.86
Tyrese Martin,BKN,1,25.9,5.0,2.0,8.0,0.25,1.0,5.0,0.2,0.0,0.0,0.0,3.0,0.0,3.0,5.0,2.0,0.0,3.0,1.0,17.0,23.63
Chris Boucher,BOS,1,15.8,6.0,2.0,4.0,0.5,0.0,2.0,0.0,2.0,2.0,1.0,0.0,4.0,4.0,1.0,1.0,0.0,0.0,0.0,16.0,36.46
Ochai Agbaji,TOR,1,20.0,4.0,2.0,5.0,0.4,0.0,3.0,0.0,0.0,0.0,0.0,1.0,2.0,3.0,1.0,2.0,0.0,0.0,3.0,16.0,28.8
Luguentz Dort,OKC,2,44.3,6.5,2.0,9.0,0.222,0.5,6.0,0.083,2.0,2.0,1.0,3.0,4.0,7.0,3.5,1.0,0.0,2.0,4.0,16.0,13.0
Max Christie,DAL,1,26.0,9.0,3.0,4.0,0.75,3.0,4.0,0.75,0.0,0.0,0.0,0.0,0.0,0.0,1.0,0.0,1.0,2.0,0.0,16.0,22.15
Kelly Oubre Jr.,PHI,1,33.5,10.0,2.0,6.0,0.333,2.0,6.0,0.333,4.0,4.0,1.0,0.0,4.0,4.0,1.0,0.0,1.0,2.0,1.0,16.0,17.19
Jordan Hawkins,NOP,1,17.0,8.0,2.0,2.0,1.0,2.0,2.0,1.0,2.0,2.0,1.0,0.0,4.0,4.0,1.0,0.0,0.0,1.0,1.0,16.0,33.88
Julian Champagnie,SAS,1,25.4,5.0,1.0,3.0,0.333,1.0,2.0,0.5,2.0,3.0,0.667,1.0,3.0,4.0,2.0,1.0,0.0,0.0,1.0,16.0,22.68
Olivier-Maxence Prosper,MEM,1,15.5,10.0,3.0,5.0,0.6,0.0,1.0,0.0,4.0,4.0,1.0,1.0,4.0,5.0,0.0,0.0,0.0,0.0,2.0,16.0,37.16
Patrick Williams,CHI,1,17.0,4.0,1.0,2.0,0.5,1.0,2.0,0.5,1.0,2.0,0.5,0.0,4.0,4.0,0.0,1.0,2.0,2.0,1.0,16.0,33.88
Gary Payton II,GSW,2,11.8,6.0,3.0,5.5,0.545,0.0,1.0,0.0,0.0,0.0,0.0,2.0,2.0,4.0,1.0,1.0,0.5,1.5,2.5,15.5,47.29
Josh Okogie,HOU,1,20.0,8.0,1.0,3.0,0.333,1.0,3.0,0.333,5.0,6.0,0.833,1.0,1.0,2.0,1.0,0.0,1.0,0.0,2.0,15.0,27.0
Steven Adams,HOU,1,36.5,4.0,1.0,4.0,0.25,0.0,0.0,0.0,2.0,2.0,1.0,5.0,8.0,13.0,3.0,0.0,0.0,3.0,4.0,15.0,14.79
Jaylen Clark,MIN,1,16.5,2.0,1.0,5.0,0.2,0.0,2.0,0.0,0.0,0.0,0.0,2.0,2.0,4.0,3.0,2.0,0.0,1.0,2.0,15.0,32.73
Yves Missi,NOP,1,23.2,5.0,2.0,4.0,0.5,0.0,0.0,0.0,1.0,2.0,0.5,3.0,4.0,7.0,1.0,1.0,1.0,3.0,5.0,15.0,23.28
CJ McCollum,WAS,1,29.1,9.0,4.0,14.0,0.286,0.0,6.0,0.0,1.0,1.0,1.0,2.0,4.0,6.0,3.0,0.0,0.0,0.0,1.0,15.0,18.56
Nick Richards,PHX,1,4.7,8.0,3.0,3.0,1.0,0.0,0.0,0.0,2.0,2.0,1.0,2.0,1.0,3.0,0.0,0.0,0.0,0.0,1.0,14.0,107.23
Shaedon Sharpe,POR,1,28.9,15.0,5.0,20.0,0.25,3.0,9.0,0.333,2.0,2.0,1.0,0.0,2.0,2.0,4.0,1.0,0.0,4.0,1.0,14.0,17.44
Matisse Thybulle,POR,1,13.8,2.0,0.0,2.0,0.0,0.0,1.0,0.0,2.0,2.0,1.0,0.0,2.0,2.0,2.0,2.0,0.0,0.0,1.0,14.0,36.52
Caris LeVert,DET,1,21.5,8.0,3.0,7.0,0.429,1.0,3.0,0.333,1.0,2.0,0.5,0.0,1.0,1.0,2.0,1.0,0.0,1.0,1.0,14.0,23.44
Nicolas Batum,LAC,1,15.0,3.0,1.0,4.0,0.25,1.0,4.0,0.25,0.0,0.0,0.0,0.0,2.0,2.0,1.0,1.0,1.0,0.0,4.0,14.0,33.6
Dylan Harper,SAS,1,22.7,15.0,7.0,14.0,0.5,1.0,2.0,0.5,0.0,2.0,0.0,1.0,3.0,4.0,2.0,0.0,0.0,4.0,5.0,14.0,22.2
Nolan Traore,BKN,1,8.9,3.0,1.0,3.0,0.333,1.0,2.0,0.5,0.0,0.0,0.0,0.0,0.0,0.0,1.0,2.0,0.0,0.0,1.0,13.0,52.58
Tyler Kolek,NYK,1,13.6,7.0,3.0,6.0,0.5,1.0,3.0,0.333,0.0,0.0,0.0,0.0,1.0,1.0,2.0,0.0,0.0,0.0,2.0,13.0,34.41
Ariel Hukporti,NYK,1,17.8,2.0,1.0,2.0,0.5,0.0,0.0,0.0,0.0,0.0,0.0,1.0,4.0,5.0,2.0,0.0,1.0,1.0,3.0,13.0,26.29
Ryan Nembhard,DAL,1,15.5,8.0,3.0,5.0,0.6,0.0,1.0,0.0,2.0,2.0,1.0,0.0,0.0,0.0,5.0,0.0,0.0,3.0,0.0,13.0,30.19
Cam Thomas,BKN,1,24.1,15.0,2.0,9.0,0.222,0.0,2.0,0.0,11.0,13.0,0.846,0.0,1.0,1.0,2.0,0.0,1.0,2.0,2.0,13.0,19.42
Quentin Grimes,PHI,1,31.6,10.0,3.0,8.0,0.375,2.0,5.0,0.4,2.0,4.0,0.5,0.0,5.0,5.0,5.0,0.0,0.0,5.0,3.0,13.0,14.81
Dyson Daniels,ATL,1,22.7,4.0,2.0,4.0,0.5,0.0,1.0,0.0,0.0,0.0,0.0,1.0,2.0,3.0,2.0,2.0,0.0,3.0,5.0,13.0,20.62
Dylan Cardwell,SAC,1,14.6,3.0,1.0,4.0,0.25,0.0,0.0,0.0,1.0,2.0,0.5,1.0,0.0,1.0,0.0,1.0,2.0,0.0,5.0,13.0,32.05
Cooper Flagg,DAL,1,31.5,10.0,4.0,13.0,0.308,0.0,1.0,0.0,2.0,2.0,1.0,1.0,9.0,10.0,0.0,1.0,0.0,3.0,3.0,13.0,14.86
Chris Paul,LAC,1,15.0,4.0,1.0,5.0,0.2,1.0,4.0,0.25,1.0,1.0,1.0,1.0,0.0,1.0,4.0,1.0,0.0,1.0,2.0,13.0,31.2
Sion James,CHA,1,16.6,2.0,1.0,3.0,0.333,0.0,1.0,0.0,0.0,0.0,0.0,1.0,3.0,4.0,2.0,0.0,1.0,0.0,2.0,13.0,28.19
Dru Smith,MIA,1,13.2,2.0,1.0,4.0,0.25,0.0,1.0,0.0,0.0,0.0,0.0,0.0,1.0,1.0,5.0,1.0,0.0,1.0,2.0,13.0,35.45
Deandre Ayton,LAL,1,33.9,10.0,5.0,7.0,0.714,0.0,0.0,0.0,0.0,2.0,0.0,2.0,4.0,6.0,0.0,0.0,1.0,4.0,3.0,13.0,13.81
David Jones Garcia,SAS,1,4.1,5.0,2.0,2.0,1.0,0.0,0.0,0.0,1.0,1.0,1.0,1.0,0.0,1.0,2.0,0.0,0.0,0.0,2.0,12.0,105.37
Oso Ighodaro,PHX,1,19.4,7.0,3.0,5.0,0.6,0.0,0.0,0.0,1.0,1.0,1.0,1.0,3.0,4.0,1.0,0.0,0.0,1.0,3.0,12.0,22.27
Jarrett Allen,CLE,1,28.2,4.0,1.0,4.0,0.25,0.0,0.0,0.0,2.0,4.0,0.5,0.0,4.0,4.0,1.0,2.0,0.0,1.0,0.0,12.0,15.32
Cam Spencer,MEM,1,12.2,7.0,2.0,4.0,0.5,2.0,3.0,0.667,1.0,2.0,0.5,0.0,0.0,0.0,2.0,0.0,0.0,0.0,0.0,12.0,35.41
Jabari Walker,PHI,1,19.0,6.0,3.0,4.0,0.75,0.0,1.0,0.0,0.0,0.0,0.0,2.0,2.0,4.0,0.0,0.0,0.0,0.0,3.0,12.0,22.74
Luke Kennard,ATL,1,30.5,6.0,2.0,7.0,0.286,1.0,5.0,0.2,1.0,1.0,1.0,0.0,4.0,4.0,3.0,1.0,0.0,3.0,3.0,12.0,14.16
Jaxson Hayes,LAL,1,14.1,4.0,2.0,3.0,0.667,0.0,0.0,0.0,0.0,0.0,0.0,2.0,4.0,6.0,1.0,0.0,0.0,1.0,2.0,11.0,28.09
Joel Embiid,PHI,1,20.3,4.0,1.0,9.0,0.111,0.0,4.0,0.0,2.0,2.0,1.0,1.0,5.0,6.0,2.0,0.0,1.0,0.0,2.0,11.0,19.51
Cameron Johnson,DEN,1,32.0,5.0,2.0,8.0,0.25,1.0,6.0,0.167,0.0,0.0,0.0,0.0,3.0,3.0,2.0,1.0,0.0,1.0,3.0,11.0,12.38
Jaylon Tyson,CLE,1,20.2,5.0,2.0,4.0,0.5,1.0,3.0,0.333,0.0,0.0,0.0,1.0,1.0,2.0,1.0,0.0,1.0,2.0,4.0,10.0,17.82
Dereck Lively II,DAL,1,10.3,4.0,1.0,2.0,0.5,0.0,0.0,0.0,2.0,2.0,1.0,1.0,1.0,2.0,3.0,0.0,0.0,1.0,5.0,10.0,34.95
Tyrese Proctor,CLE,1,16.1,5.0,2.0,5.0,0.4,1.0,3.0,0.333,0.0,0.0,0.0,0.0,1.0,1.0,2.0,0.0,0.0,0.0,2.0,10.0,22.36
Will Riley,WAS,1,4.5,2.0,1.0,1.0,1.0,0.0,0.0,0.0,0.0,0.0,0.0,0.0,1.0,1.0,1.0,1.0,0.0,0.0,0.0,10.0,80.0
Derik Queen,NOP,1,14.5,3.0,1.0,4.0,0.25,0.0,1.0,0.0,1.0,2.0,0.5,1.0,4.0,5.0,0.0,0.0,1.0,0.0,3.0,9.0,22.34
Russell Westbrook,SAC,1,18.8,6.0,2.0,8.0,0.25,0.0,2.0,0.0,2.0,3.0,0.667,1.0,5.0,6.0,1.0,0.0,1.0,2.0,0.0,9.0,17.23
Josh Minott,BOS,1,14.2,2.0,1.0,1.0,1.0,0.0,0.0,0.0,0.0,0.0,0.0,2.0,0.0,2.0,2.0,0.0,0.0,0.0,4.0,9.0,22.82
Jalen Wilson,BKN,1,14.7,8.0,3.0,5.0,0.6,2.0,4.0,0.5,0.0,0.0,0.0,0.0,0.0,0.0,0.0,0.0,0.0,1.0,1.0,9.0,22.04
Christian Braun,DEN,1,38.5,6.0,3.0,7.0,0.429,0.0,1.0,0.0,0.0,0.0,0.0,2.0,2.0,4.0,2.0,0.0,0.0,2.0,5.0,9.0,8.42
Nikola Jović,MIA,1,23.1,9.0,2.0,6.0,0.333,2.0,3.0,0.667,3.0,4.0,0.75,0.0,3.0,3.0,0.0,1.0,0.0,3.0,2.0,9.0,14.03
Taelon Peter,IND,1,16.6,3.0,1.0,2.0,0.5,1.0,2.0,0.5,0.0,0.0,0.0,0.0,0.0,0.0,1.0,1.0,0.0,1.0,1.0,8.0,17.35
Cam Christie,LAC,1,8.2,5.0,1.0,4.0,0.25,1.0,2.0,0.5,2.0,2.0,1.0,1.0,1.0,2.0,1.0,0.0,0.0,0.0,0.0,8.0,35.12
Jonathan Mogbo,TOR,1,10.8,4.0,2.0,4.0,0.5,0.0,0.0,0.0,0.0,0.0,0.0,1.0,3.0,4.0,0.0,0.0,0.0,0.0,1.0,8.0,26.67
Jordan McLaughlin,SAS,1,8.1,2.0,1.0,2.0,0.5,0.0,1.0,0.0,0.0,0.0,0.0,0.0,0.0,0.0,1.0,1.0,0.0,0.0,1.0,8.0,35.56
Gabe Vincent,LAL,1,28.7,3.0,1.0,4.0,0.25,1.0,4.0,0.25,0.0,0.0,0.0,0.0,0.0,0.0,1.0,1.0,0.0,0.0,3.0,8.0,10.03
Bradley Beal,LAC,1,20.2,5.0,2.0,5.0,0.4,1.0,4.0,0.25,0.0,0.0,0.0,0.0,1.0,1.0,0.0,1.0,0.0,1.0,4.0,8.0,14.26
Klay Thompson,DAL,1,22.3,10.0,4.0,13.0,0.308,1.0,5.0,0.2,1.0,1.0,1.0,1.0,1.0,2.0,1.0,0.0,0.0,1.0,1.0,8.0,12.91
Aaron Nesmith,IND,1,26.8,5.0,2.0,7.0,0.286,1.0,3.0,0.333,0.0,0.0,0.0,0.0,7.0,7.0,0.0,0.0,0.0,1.0,6.0,8.0,10.75
Noah Clowney,BKN,1,20.3,5.0,1.0,6.0,0.167,1.0,3.0,0.333,2.0,2.0,1.0,2.0,2.0,4.0,2.0,0.0,0.0,1.0,2.0,8.0,14.19
Jaylin Williams,OKC,2,13.7,3.5,1.5,4.0,0.375,0.5,3.0,0.167,0.0,0.0,0.0,0.0,1.0,1.0,1.5,0.5,0.0,1.0,2.5,7.0,18.39
Clint Capela,HOU,1,7.9,4.0,1.0,1.0,1.0,0.0,0.0,0.0,2.0,2.0,1.0,0.0,0.0,0.0,0.0,1.0,0.0,1.0,0.0,7.0,31.9
Amir Coffey,MIL,1,12.5,2.0,1.0,1.0,1.0,0.0,0.0,0.0,0.0,0.0,0.0,0.0,0.0,0.0,2.0,0.0,0.0,0.0,0.0,7.0,20.16
Kris Murray,POR,1,18.6,7.0,2.0,3.0,0.667,1.0,2.0,0.5,2.0,2.0,1.0,0.0,0.0,0.0,0.0,0.0,0.0,1.0,1.0,7.0,13.55
Kobe Brown,LAC,1,3.9,2.0,0.0,0.0,0.0,0.0,0.0,0.0,2.0,2.0,1.0,1.0,0.0,1.0,2.0,0.0,0.0,0.0,0.0,7.0,64.62
Lonzo Ball,CLE,1,23.5,3.0,1.0,7.0,0.143,1.0,7.0,0.143,0.0,0.0,0.0,1.0,3.0,4.0,6.0,0.0,0.0,4.0,0.0,7.0,10.72
Jake LaRavia,LAL,1,15.8,5.0,2.0,4.0,0.5,1.0,2.0,0.5,0.0,2.0,0.0,2.0,1.0,3.0,0.0,0.0,0.0,0.0,1.0,7.0,15.95
Paul Reed,DET,1,3.4,3.0,1.0,1.0,1.0,1.0,1.0,1.0,0.0,0.0,0.0,0.0,0.0,0.0,0.0,0.0,1.0,1.0,2.0,7.0,74.12
Harrison Barnes,SAS,1,30.3,7.0,3.0,7.0,0.429,1.0,3.0,0.333,0.0,0.0,0.0,0.0,2.0,2.0,1.0,0.0,0.0,2.0,2.0,7.0,8.32
Isaac Okoro,CHI,1,22.5,0.0,0.0,2.0,0.0,0.0,0.0,0.0,0.0,0.0,0.0,1.0,4.0,5.0,4.0,0.0,0.0,2.0,5.0,7.0,11.2
Marvin Bagley III,WAS,1,15.0,1.0,0.0,0.0,0.0,0.0,0.0,0.0,1.0,2.0,0.5,1.0,2.0,3.0,1.0,1.0,0.0,1.0,2.0,7.0,16.8
Javon Small,MEM,1,19.3,0.0,0.0,2.0,0.0,0.0,2.0,0.0,0.0,0.0,0.0,0.0,0.0,0.0,3.0,0.0,1.0,1.0,0.0,6.0,11.19
Sam Hauser,BOS,1,22.4,8.0,2.0,6.0,0.333,2.0,6.0,0.333,2.0,2.0,1.0,0.0,2.0,2.0,1.0,0.0,0.0,3.0,3.0,6.0,9.64
Harrison Ingram,SAS,1,4.1,3.0,1.0,1.0,1.0,1.0,1.0,1.0,0.0,0.0,0.0,1.0,0.0,1.0,0.0,0.0,0.0,0.0,0.0,6.0,52.68
Marcus Smart,LAL,1,22.8,9.0,3.0,6.0,0.5,0.0,3.0,0.0,3.0,4.0,0.75,0.0,0.0,0.0,0.0,1.0,0.0,3.0,4.0,6.0,9.47
D'Angelo Russell,DAL,1,15.1,6.0,1.0,6.0,0.167,0.0,1.0,0.0,4.0,6.0,0.667,0.0,2.0,2.0,3.0,0.0,0.0,1.0,2.0,6.0,14.3
Peyton Watson,DEN,1,16.0,2.0,0.0,0.0,0.0,0.0,0.0,0.0,2.0,2.0,1.0,1.0,1.0,2.0,1.0,0.0,1.0,2.0,2.0,6.0,13.5
Javonte Green,DET,1,9.5,0.0,0.0,2.0,0.0,0.0,0.0,0.0,0.0,0.0,0.0,0.0,0.0,0.0,0.0,1.0,1.0,0.0,0.0,6.0,22.74
Kobe Sanders,LAC,1,3.9,0.0,0.0,1.0,0.0,0.0,0.0,0.0,0.0,0.0,0.0,0.0,1.0,1.0,1.0,1.0,0.0,0.0,0.0,6.0,55.38
Ziaire Williams,BKN,1,14.9,1.0,0.0,3.0,0.0,0.0,2.0,0.0,1.0,2.0,0.5,1.0,2.0,3.0,1.0,1.0,0.0,0.0,1.0,6.0,14.5
Bobby Portis,MIL,1,17.3,2.0,1.0,6.0,0.167,0.0,0.0,0.0,0.0,0.0,0.0,1.0,5.0,6.0,1.0,0.0,0.0,0.0,0.0,6.0,12.49
Tony Bradley,IND,1,9.9,2.0,1.0,1.0,1.0,0.0,0.0,0.0,0.0,1.0,0.0,0.0,0.0,0.0,0.0,0.0,1.0,0.0,3.0,6.0,21.82
Maxime Raynaud,SAC,1,11.5,0.0,0.0,1.0,0.0,0.0,0.0,0.0,0.0,0.0,0.0,0.0,4.0,4.0,2.0,0.0,0.0,1.0,1.0,5.0,15.65
Mike Conley,MIN,1,12.7,3.0,1.0,5.0,0.2,1.0,2.0,0.5,0.0,0.0,0.0,1.0,1.0,2.0,0.0,1.0,0.0,1.0,2.0,5.0,14.17
Bismack Biyombo,SAS,1,4.9,0.0,0.0,0.0,0.0,0.0,0.0,0.0,0.0,0.0,0.0,0.0,1.0,1.0,0.0,2.0,0.0,2.0,2.0,5.0,36.73
Ace Bailey,UTA,1,20.2,2.0,1.0,5.0,0.2,0.0,2.0,0.0,0.0,0.0,0.0,1.0,3.0,4.0,2.0,0.0,0.0,1.0,1.0,5.0,8.91
Kris Dunn,LAC,1,22.2,0.0,0.0,3.0,0.0,0.0,1.0,0.0,0.0,0.0,0.0,2.0,3.0,5.0,1.0,1.0,0.0,2.0,0.0,4.0,6.49
Mouhamed Gueye,ATL,1,5.0,0.0,0.0,0.0,0.0,0.0,0.0,0.0,0.0,0.0,0.0,0.0,0.0,0.0,0.0,0.0,1.0,0.0,0.0,4.0,28.8
Yanic Konan Niederhäuser,LAC,1,3.9,4.0,1.0,1.0,1.0,0.0,0.0,0.0,2.0,4.0,0.5,1.0,0.0,1.0,0.0,0.0,0.0,0.0,0.0,4.0,36.92
Jordan Clarkson,NYK,1,13.2,4.0,2.0,7.0,0.286,0.0,2.0,0.0,0.0,0.0,0.0,1.0,0.0,1.0,1.0,0.0,0.0,0.0,2.0,4.0,10.91
Jaden Hardy,DAL,1,7.3,3.0,1.0,3.0,0.333,1.0,2.0,0.5,0.0,0.0,0.0,0.0,1.0,1.0,0.0,0.0,0.0,0.0,1.0,4.0,19.73
Dwight Powell,DAL,1,7.9,0.0,0.0,0.0,0.0,0.0,0.0,0.0,0.0,0.0,0.0,0.0,0.0,0.0,1.0,1.0,0.0,1.0,2.0,4.0,18.23
Craig Porter Jr.,CLE,1,6.7,2.0,1.0,2.0,0.5,0.0,1.0,0.0,0.0,0.0,0.0,0.0,0.0,0.0,1.0,0.0,0.0,0.0,1.0,4.0,21.49
Jonathan Isaac,ORL,1,7.0,0.0,0.0,1.0,0.0,0.0,1.0,0.0,0.0,0.0,0.0,0.0,1.0,1.0,0.0,1.0,0.0,0.0,0.0,4.0,20.57
Andrew Nembhard,IND,1,16.9,4.0,0.0,5.0,0.0,0.0,2.0,0.0,4.0,4.0,1.0,0.0,1.0,1.0,4.0,0.0,0.0,2.0,2.0,4.0,8.52
Tyus Jones,ORL,1,23.5,0.0,0.0,4.0,0.0,0.0,3.0,0.0,0.0,0.0,0.0,1.0,1.0,2.0,3.0,0.0,1.0,2.0,0.0,4.0,6.13
Bones Hyland,MIN,1,7.7,2.0,1.0,2.0,0.5,0.0,1.0,0.0,0.0,0.0,0.0,0.0,2.0,2.0,1.0,0.0,0.0,1.0,2.0,4.0,18.7
Jamison Battle,TOR,1,9.1,2.0,1.0,3.0,0.333,0.0,2.0,0.0,0.0,0.0,0.0,1.0,2.0,3.0,0.0,0.0,0.0,0.0,0.0,4.0,15.82
Anthony Gill,WAS,1,1.7,2.0,1.0,1.0,1.0,0.0,0.0,0.0,0.0,0.0,0.0,0.0,0.0,0.0,0.0,0.0,0.0,0.0,1.0,3.0,63.53
John Konchar,MEM,1,7.6,0.0,0.0,0.0,0.0,0.0,0.0,0.0,0.0,0.0,0.0,0.0,3.0,3.0,1.0,0.0,0.0,1.0,0.0,3.0,14.21
Drake Powell,BKN,1,7.2,2.0,1.0,1.0,1.0,0.0,0.0,0.0,0.0,0.0,0.0,0.0,2.0,2.0,0.0,0.0,0.0,1.0,4.0,3.0,15.0
AJ Johnson,WAS,1,1.7,0.0,0.0,0.0,0.0,0.0,0.0,0.0,0.0,0.0,0.0,0.0,1.0,1.0,1.0,0.0,0.0,0.0,0.0,3.0,63.53
Brandon Williams,DAL,1,11.6,0.0,0.0,1.0,0.0,0.0,0.0,0.0,0.0,2.0,0.0,0.0,0.0,0.0,2.0,1.0,0.0,1.0,0.0,3.0,9.31
Naji Marshall,DAL,1,22.6,3.0,0.0,2.0,0.0,0.0,0.0,0.0,3.0,4.0,0.75,0.0,1.0,1.0,1.0,0.0,0.0,0.0,2.0,3.0,4.78
Brooks Barnhizer,OKC,2,8.3,1.0,0.5,1.0,0.5,0.0,0.0,0.0,0.0,0.0,0.0,0.5,1.0,1.5,0.0,0.0,0.0,0.0,1.5,2.5,10.84
Chris Youngblood,OKC,2,3.2,1.5,0.5,0.5,1.0,0.5,0.5,1.0,0.0,0.0,0.0,0.0,0.0,0.0,0.0,0.0,0.0,0.0,1.0,2.5,28.12
Jalen Smith,CHI,1,13.6,2.0,0.0,7.0,0.0,0.0,5.0,0.0,2.0,2.0,1.0,1.0,4.0,5.0,1.0,0.0,0.0,0.0,1.0,2.0,5.29
Justin Champagnie,WAS,1,5.8,0.0,0.0,3.0,0.0,0.0,1.0,0.0,0.0,0.0,0.0,3.0,0.0,3.0,1.0,0.0,0.0,0.0,1.0,2.0,12.41
Yang Hansen,POR,1,5.3,2.0,0.0,1.0,0.0,0.0,0.0,0.0,2.0,2.0,1.0,1.0,0.0,1.0,0.0,0.0,0.0,0.0,1.0,2.0,13.58
Quinten Post,GSW,2,6.5,0.0,0.0,0.0,0.0,0.0,0.0,0.0,0.0,0.0,0.0,0.0,1.0,1.0,0.5,0.0,0.0,0.0,0.5,2.0,11.08
Trey Jemison III,NYK,1,7.7,0.0,0.0,0.0,0.0,0.0,0.0,0.0,0.0,0.0,0.0,1.0,1.0,2.0,0.0,0.0,0.0,0.0,0.0,2.0,9.35
Jericho Sims,MIL,1,1.7,2.0,0.0,0.0,0.0,0.0,0.0,0.0,2.0,2.0,1.0,0.0,0.0,0.0,0.0,0.0,0.0,0.0,0.0,2.0,42.35
Keaton Wallace,ATL,1,8.7,0.0,0.0,0.0,0.0,0.0,0.0,0.0,0.0,0.0,0.0,0.0,0.0,0.0,0.0,1.0,0.0,1.0,2.0,2.0,8.28
Hunter Dickinson,NOP,1,4.7,2.0,1.0,2.0,0.5,0.0,0.0,0.0,0.0,0.0,0.0,0.0,0.0,0.0,0.0,0.0,1.0,2.0,2.0,2.0,15.32
Spencer Jones,DEN,1,5.8,0.0,0.0,0.0,0.0,0.0,0.0,0.0,0.0,0.0,0.0,0.0,0.0,0.0,0.0,1.0,0.0,1.0,0.0,2.0,12.41
Tari Eason,HOU,1,21.6,3.0,1.0,6.0,0.167,1.0,4.0,0.25,0.0,0.0,0.0,0.0,6.0,6.0,0.0,0.0,1.0,4.0,1.0,2.0,3.33
Riley Minix,SAS,1,1.6,0.0,0.0,0.0,0.0,0.0,0.0,0.0,0.0,0.0,0.0,0.0,1.0,1.0,0.0,0.0,0.0,0.0,0.0,1.0,22.5
Andre Drummond,PHI,1,2.7,0.0,0.0,0.0,0.0,0.0,0.0,0.0,0.0,0.0,0.0,0.0,1.0,1.0,0.0,0.0,0.0,0.0,2.0,1.0,13.33
Nigel Hayes-Davis,PHX,1,10.3,0.0,0.0,1.0,0.0,0.0,1.0,0.0,0.0,0.0,0.0,0.0,2.0,2.0,0.0,0.0,0.0,0.0,0.0,1.0,3.5
Dario Šarić,SAC,1,7.5,0.0,0.0,2.0,0.0,0.0,0.0,0.0,0.0,0.0,0.0,1.0,2.0,3.0,0.0,0.0,0.0,0.0,0.0,1.0,4.8
Adem Bona,PHI,1,14.7,0.0,0.0,0.0,0.0,0.0,0.0,0.0,0.0,0.0,0.0,1.0,2.0,3.0,1.0,0.0,0.0,2.0,3.0,1.0,2.45
Carter Bryant,SAS,1,9.3,0.0,0.0,2.0,0.0,0.0,1.0,0.0,0.0,0.0,0.0,0.0,2.0,2.0,0.0,0.0,0.0,0.0,0.0,0.0,0.0
Andre Jackson Jr.,MIL,1,1.7,0.0,0.0,0.0,0.0,0.0,0.0,0.0,0.0,0.0,0.0,0.0,0.0,0.0,0.0,0.0,0.0,0.0,0.0,0.0,0.0
Gary Harris,MIL,1,1.7,0.0,0.0,0.0,0.0,0.0,0.0,0.0,0.0,0.0,0.0,0.0,0.0,0.0,0.0,0.0,0.0,0.0,0.0,0.0,0.0
Branden Carlson,OKC,1,1.1,0.0,0.0,0.0,0.0,0.0,0.0,0.0,0.0,0.0,0.0,0.0,0.0,0.0,0.0,0.0,0.0,0.0,0.0,0.0,0.0
Johnny Furphy,IND,1,1.0,0.0,0.0,0.0,0.0,0.0,0.0,0.0,0.0,0.0,0.0,0.0,0.0,0.0,0.0,0.0,0.0,0.0,0.0,0.0,0.0
Tristan Vukcevic,WAS,1,1.7,0.0,0.0,0.0,0.0,0.0,0.0,0.0,0.0,0.0,0.0,0.0,0.0,0.0,0.0,0.0,0.0,0.0,0.0,0.0,0.0
Justin Edwards,PHI,1,0.1,0.0,0.0,0.0,0.0,0.0,0.0,0.0,0.0,0.0,0.0,0.0,0.0,0.0,0.0,0.0,0.0,0.0,0.0,0.0,0.0
Caleb Martin,DAL,1,4.1,0.0,0.0,1.0,0.0,0.0,0.0,0.0,0.0,0.0,0.0,1.0,0.0,1.0,1.0,0.0,0.0,1.0,0.0,0.0,0.0
Moussa Cisse,DAL,1,4.1,0.0,0.0,0.0,0.0,0.0,0.0,0.0,0.0,0.0,0.0,0.0,0.0,0.0,0.0,0.0,0.0,0.0,0.0,0.0,0.0
Cody Williams,UTA,1,2.4,0.0,0.0,0.0,0.0,0.0,0.0,0.0,0.0,0.0,0.0,0.0,0.0,0.0,0.0,0.0,0.0,0.0,0.0,0.0,0.0
Dalen Terry,CHI,1,6.3,0.0,0.0,1.0,0.0,0.0,0.0,0.0,0.0,0.0,0.0,0.0,0.0,0.0,0.0,0.0,0.0,0.0,0.0,-1.0,-5.71
Luka Garza,BOS,1,5.7,0.0,0.0,2.0,0.0,0.0,2.0,0.0,0.0,0.0,0.0,0.0,1.0,1.0,0.0,0.0,1.0,2.0,1.0,-1.0,-6.32
Pelle Larsson,MIA,1,3.8,0.0,0.0,1.0,0.0,0.0,1.0,0.0,0.0,0.0,0.0,0.0,0.0,0.0,0.0,0.0,0.0,0.0,2.0,-1.0,-9.47
Guerschon Yabusele,NYK,1,12.0,0.0,0.0,2.0,0.0,0.0,1.0,0.0,0.0,0.0,0.0,1.0,0.0,1.0,0.0,0.0,0.0,0.0,1.0,-1.0,-3.0
Thanasis Antetokounmpo,MIL,1,1.7,0.0,0.0,1.0,0.0,0.0,0.0,0.0,0.0,0.0,0.0,0.0,0.0,0.0,0.0,0.0,0.0,0.0,0.0,-1.0,-21.18
Jarred Vanderbilt,LAL,1,11.9,0.0,0.0,4.0,0.0,0.0,2.0,0.0,0.0,0.0,0.0,0.0,3.0,3.0,0.0,1.0,0.0,2.0,0.0,-1.0,-3.03
Ousmane Dieng,OKC,1,15.3,0.0,0.0,3.0,0.0,0.0,3.0,0.0,0.0,0.0,0.0,0.0,1.0,1.0,0.0,0.0,0.0,0.0,2.0,-2.0,-4.71
Gui Santos,GSW,1,2.6,0.0,0.0,0.0,0.0,0.0,0.0,0.0,0.0,0.0,0.0,0.0,0.0,0.0,0.0,0.0,0.0,1.0,0.0,-2.0,-27.69
Sharife Cooper,WAS,1,1.7,0.0,0.0,0.0,0.0,0.0,0.0,0.0,0.0,0.0,0.0,0.0,0.0,0.0,0.0,0.0,0.0,1.0,0.0,-2.0,-42.35
Isaiah Jackson,IND,1,8.5,0.0,0.0,2.0,0.0,0.0,0.0,0.0,0.0,0.0,0.0,1.0,0.0,1.0,0.0,0.0,0.0,2.0,4.0,-5.0,-21.18
Duncan Robinson,DET,1,32.4,2.0,1.0,7.0,0.143,0.0,5.0,0.0,0.0,0.0,0.0,0.0,0.0,0.0,0.0,0.0,0.0,1.0,3.0,-5.0,-5.56
