Rk,Player,Type,FG,FGA,3P,3PA,FT,FTA,ORB,TRB,AST,STL,BLK,TOV,PF,PTS,FG%,3P%,FT%,-9999,Fantasy_Points
255,Nikola Jokić,Projected,10.6,18.4,1.6,4.0,4.9,6.0,2.8,12.3,9.6,1.6,0.7,3.2,2.4,27.7,0.578,0.397,0.806,jokicni01,65.3
537,Victor Wembanyama,Projected,9.6,19.8,2.9,8.1,4.2,5.2,2.3,12.3,4.3,1.4,4.1,3.7,2.5,26.2,0.483,0.355,0.822,wembavi01,63.0
173,Shai Gilgeous-Alexander,Projected,11.4,21.8,1.9,5.0,8.2,9.2,1.0,5.5,6.5,1.9,1.0,2.5,2.4,32.9,0.524,0.37,0.891,gilgesh01,59.9
12,Giannis Antetokounmpo,Projected,11.9,20.1,0.4,1.6,6.9,10.9,2.4,12.0,6.6,1.0,1.1,3.4,2.7,31.2,0.593,0.266,0.632,antetgi01,58.099999999999994
128,Luka Dončić,Projected,10.1,21.3,3.6,9.5,6.4,8.2,0.9,8.5,8.3,1.6,0.5,3.6,2.4,30.1,0.474,0.374,0.781,doncilu01,57.10000000000001
148,Joel Embiid,Projected,10.4,20.7,1.4,4.2,9.5,10.9,2.2,10.3,5.2,1.1,1.5,3.8,3.0,31.7,0.501,0.34,0.872,embiijo01,55.3
116,Anthony Davis,Projected,9.5,18.0,0.6,2.2,5.7,7.2,3.0,12.3,3.6,1.2,2.2,2.3,2.3,25.4,0.529,0.284,0.788,davisan02,54.0
191,Tyrese Haliburton,Projected,7.4,15.4,3.2,8.2,2.9,3.4,0.7,4.1,10.5,1.5,0.7,2.0,1.4,21.0,0.482,0.387,0.854,halibty01,53.0
559,Zion Williamson,Projected,10.8,18.8,0.3,0.8,5.9,8.6,2.5,7.7,6.0,1.4,0.9,3.3,2.9,27.8,0.572,0.33,0.69,willizi01,50.5
241,LeBron James,Projected,9.4,18.6,2.1,5.8,3.9,5.1,1.0,7.6,8.0,1.1,0.6,3.7,1.5,24.8,0.505,0.368,0.761,jamesle01,48.900000000000006
20,LaMelo Ball,Projected,9.4,22.4,4.0,11.5,4.4,5.1,1.2,5.8,8.2,1.4,0.3,3.8,3.6,27.2,0.42,0.353,0.847,ballla01,48.3
109,Cade Cunningham,Projected,9.7,20.7,2.2,6.0,4.4,5.2,0.8,5.9,8.8,1.0,0.7,4.1,2.8,26.0,0.471,0.362,0.853,cunnica01,48.2
164,Daniel Gafford,Projected,7.5,10.8,0.1,0.3,3.2,4.6,4.0,10.9,2.4,0.9,2.8,1.8,4.3,18.4,0.695,0.361,0.691,gaffoda01,48.2
215,Chet Holmgren,Projected,7.3,14.1,1.9,5.0,3.6,4.6,2.0,10.0,3.0,0.9,2.8,2.1,2.9,20.2,0.52,0.382,0.781,holmgch01,48.2
441,Domantas Sabonis,Projected,7.7,13.1,0.8,1.9,3.4,4.7,3.7,13.7,6.9,0.8,0.5,3.1,3.3,19.6,0.588,0.402,0.735,sabondo01,47.900000000000006
485,Jayson Tatum,Projected,9.1,19.7,3.3,9.2,5.3,6.4,0.8,8.4,5.4,1.0,0.6,2.7,2.1,26.7,0.461,0.355,0.825,tatumja01,47.599999999999994
554,Mark Williams,Projected,7.9,13.1,0.2,0.6,3.7,4.8,4.1,13.1,3.0,1.1,1.6,2.0,3.2,19.8,0.606,0.32,0.787,willima07,47.5
450,Alperen Şengün,Projected,8.7,16.7,0.5,1.6,4.3,6.1,3.7,11.4,5.5,1.3,0.9,2.8,3.3,22.2,0.52,0.285,0.704,sengual01,47.2
351,Evan Mobley,Projected,8.0,14.2,1.1,3.0,3.4,4.7,2.7,10.7,3.7,1.0,1.8,2.2,2.6,20.6,0.566,0.368,0.726,mobleev01,47.1
358,Ja Morant,Projected,9.5,20.5,2.0,6.4,6.1,7.5,0.9,5.3,8.4,1.4,0.3,4.0,2.5,27.0,0.462,0.313,0.811,moranja01,47.0
350,Donovan Mitchell,Projected,9.3,20.6,3.6,9.6,4.8,5.7,0.9,5.1,5.6,1.6,0.4,2.5,2.3,26.9,0.452,0.369,0.837,mitchdo01,46.9
404,Kristaps Porziņģis,Projected,8.1,16.5,2.6,6.7,5.0,6.1,2.0,8.5,2.7,0.9,1.9,1.8,3.4,24.0,0.493,0.393,0.831,porzikr01,46.699999999999996
111,Stephen Curry,Projected,9.0,20.4,4.9,12.4,4.3,4.7,0.6,5.0,6.1,1.1,0.5,3.2,1.7,27.3,0.444,0.393,0.921,curryst01,46.60000000000001
236,Jaren Jackson Jr.,Projected,9.2,19.2,2.2,6.2,5.2,6.5,1.5,6.8,2.5,1.4,2.0,2.5,4.1,25.8,0.48,0.361,0.793,jacksja02,46.3
325,T.J. McConnell,Projected,8.1,15.5,0.5,1.5,1.5,1.9,1.1,5.1,9.1,2.0,0.4,2.9,2.2,18.2,0.524,0.347,0.763,mccontj01,46.099999999999994
566,Trae Young,Projected,7.7,18.2,2.9,8.2,6.5,7.4,0.5,3.2,11.0,1.2,0.2,4.4,1.9,24.7,0.421,0.35,0.871,youngtr01,45.900000000000006
235,Isaiah Jackson,Projected,6.8,11.3,0.4,1.3,3.2,4.7,3.8,10.1,2.6,1.4,2.6,1.9,5.3,17.2,0.6,0.328,0.688,jacksis01,45.9
172,Josh Giddey,Projected,6.9,14.3,1.7,4.5,2.5,3.2,2.1,9.5,7.9,1.2,0.8,3.2,2.1,18.0,0.48,0.371,0.789,giddejo01,45.400000000000006
294,Kawhi Leonard,Projected,9.1,18.1,2.2,5.5,3.5,4.1,1.2,6.5,3.7,1.7,0.7,2.0,1.7,24.0,0.503,0.405,0.847,leonaka01,45.2
28,Scottie Barnes,Projected,7.7,16.7,1.4,4.6,3.6,4.6,2.1,8.3,6.2,1.4,1.2,2.8,2.0,20.5,0.463,0.305,0.77,barnesc01,45.10000000000001
273,Walker Kessler,Projected,5.9,8.9,0.2,0.8,1.6,2.9,4.9,13.5,2.0,0.8,3.1,1.7,2.9,13.6,0.658,0.256,0.559,kesslwa01,45.1
550,Jalen Williams,Projected,8.7,17.2,1.8,4.8,3.4,4.3,0.9,5.6,5.4,1.6,0.7,2.2,2.6,22.8,0.509,0.386,0.802,willija06,45.099999999999994
502,Karl-Anthony Towns,Projected,8.8,17.0,2.1,5.2,4.6,5.5,2.6,11.6,3.3,0.9,0.7,2.9,3.6,24.3,0.515,0.412,0.839,townska01,44.900000000000006
143,Anthony Edwards,Projected,9.2,19.9,3.4,8.8,5.2,6.2,0.8,5.8,4.8,1.3,0.6,3.1,1.9,26.9,0.461,0.391,0.833,edwaran01,44.599999999999994
30,Charles Bassey,Projected,6.3,10.9,0.5,1.3,1.9,2.8,4.4,12.6,2.7,1.3,2.4,2.3,4.4,15.0,0.575,0.362,0.686,bassech01,44.49999999999999
139,Kevin Durant,Projected,9.3,17.9,2.3,5.6,4.7,5.6,0.5,6.1,4.4,0.8,1.2,3.1,1.8,25.6,0.517,0.411,0.846,duranke01,44.400000000000006
469,Jalen Smith,Projected,7.3,14.5,2.4,6.7,2.7,3.5,3.4,12.1,2.5,0.7,1.5,1.5,3.7,19.7,0.506,0.349,0.77,smithja04,44.3
62,Jalen Brunson,Projected,9.4,19.5,2.5,6.3,5.5,6.6,0.5,3.4,7.0,0.9,0.2,2.5,2.1,26.7,0.483,0.39,0.829,brunsja01,44.2
140,Jalen Duren,Projected,6.8,10.3,0.1,0.3,2.9,4.0,4.6,14.1,3.4,0.9,1.4,2.4,4.1,16.6,0.664,0.346,0.71,durenja01,44.2
398,Jakob Poeltl,Projected,7.4,11.9,0.1,0.4,2.0,3.1,3.9,11.4,3.5,1.3,1.6,2.3,3.8,16.9,0.621,0.356,0.641,poeltja01,44.199999999999996
230,Kyrie Irving,Projected,9.1,19.0,2.9,7.3,3.7,4.0,1.1,4.9,4.8,1.3,0.5,2.1,2.1,24.7,0.478,0.395,0.905,irvinky01,44.0
194,James Harden,Projected,6.2,15.1,2.8,8.0,5.6,6.5,0.7,5.7,8.7,1.4,0.7,3.8,2.1,20.9,0.411,0.354,0.869,hardeja01,44.0
160,De'Aaron Fox,Projected,9.1,19.3,2.2,6.6,4.2,5.4,0.9,4.8,6.0,1.6,0.4,2.7,2.6,24.5,0.469,0.335,0.79,foxde01,43.800000000000004
222,Jay Huff,Projected,7.3,14.3,3.5,8.8,2.2,2.8,1.5,6.4,2.2,0.9,2.3,1.7,3.7,20.3,0.512,0.401,0.793,huffja01,43.7
455,Day'Ron Sharpe,Projected,6.6,12.3,0.5,1.7,2.5,3.6,5.7,13.2,3.5,1.4,1.6,2.5,4.5,16.2,0.538,0.298,0.702,sharpda01,43.7
9,Jarrett Allen,Projected,7.2,10.8,0.1,0.3,3.2,4.3,3.4,12.0,2.7,1.1,1.2,1.6,2.1,17.6,0.666,0.267,0.731,allenja01,43.6
24,Desmond Bane,Projected,8.3,17.2,2.9,7.3,3.1,3.5,1.0,6.3,5.8,1.2,0.5,2.7,2.8,22.4,0.48,0.391,0.882,banede01,43.6
246,Ty Jerome,Projected,7.8,15.3,2.7,6.2,3.1,3.6,1.3,4.6,5.9,1.8,0.2,2.3,2.7,21.3,0.51,0.428,0.866,jeromty01,43.599999999999994
300,Dereck Lively II,Projected,6.1,8.8,0.2,0.6,1.8,2.8,4.0,11.0,3.0,1.0,2.2,1.6,3.9,14.3,0.695,0.361,0.622,livelde01,43.5
421,Paul Reed,Projected,6.0,11.3,0.7,1.9,1.9,2.6,3.9,10.5,2.9,2.0,1.9,1.8,4.9,14.5,0.529,0.34,0.75,reedpa01,43.5
512,Jonas Valančiūnas,Projected,7.8,14.3,0.5,1.7,3.2,3.8,3.9,13.8,3.5,0.7,1.1,2.6,4.2,19.2,0.543,0.294,0.835,valanjo01,43.2
517,Nikola Vučević,Projected,8.2,16.2,1.7,4.8,1.7,2.2,2.7,11.1,3.8,0.9,0.8,1.8,2.6,19.9,0.505,0.358,0.807,vucevni01,43.199999999999996
299,Damian Lillard,Projected,7.6,17.5,3.2,9.0,6.3,6.9,0.6,4.6,6.9,1.1,0.2,2.8,1.8,24.8,0.435,0.361,0.915,lillada01,43.10000000000001
94,Donovan Clingan,Projected,5.2,9.6,0.6,1.8,1.8,2.9,5.6,13.8,2.4,1.0,2.8,1.9,4.7,12.8,0.542,0.323,0.633,clingdo01,43.1
394,Scotty Pippen Jr.,Projected,6.3,12.9,1.9,4.8,2.7,3.7,1.4,5.6,7.1,2.2,0.7,3.0,4.1,17.1,0.486,0.402,0.726,pippesc02,43.1
320,Tyrese Maxey,Projected,8.7,19.2,2.9,8.1,4.4,5.1,0.4,3.5,5.7,1.3,0.4,1.9,2.1,24.7,0.452,0.362,0.873,maxeyty01,43.0
165,Darius Garland,Projected,8.1,17.3,3.0,7.5,3.4,3.9,0.7,3.3,7.6,1.4,0.2,3.0,2.1,22.6,0.469,0.398,0.865,garlada01,42.900000000000006
518,Tristan Vukcevic,Projected,8.0,16.0,2.5,6.9,3.5,4.5,1.8,8.7,3.1,0.9,1.5,2.6,3.9,22.0,0.497,0.37,0.785,vukcetr01,42.8
142,Zach Edey,Projected,6.5,11.3,0.6,1.8,2.4,3.3,5.6,13.4,1.9,1.0,2.1,2.2,4.3,16.0,0.575,0.359,0.724,edeyza01,42.6
45,Devin Booker,Projected,8.7,18.5,2.3,6.7,5.6,6.3,1.0,4.2,6.7,0.9,0.3,2.8,2.7,25.3,0.471,0.341,0.886,bookede01,42.599999999999994
363,Jamal Murray,Projected,8.1,17.2,2.5,6.2,3.1,3.6,0.8,4.2,6.3,1.3,0.5,2.2,2.0,21.9,0.474,0.4,0.87,murraja01,42.5
567,Ivica Zubac,Projected,7.5,12.0,0.1,0.2,2.3,3.3,4.0,13.2,2.6,0.7,1.3,1.7,2.7,17.4,0.626,0.365,0.684,zubaciv01,42.5
250,Jalen Johnson,Projected,7.2,14.1,1.3,3.9,2.4,3.2,1.6,9.7,4.5,1.4,1.0,2.4,2.3,18.1,0.51,0.337,0.741,johnsja05,42.400000000000006
491,Amen Thompson,Projected,6.4,11.5,0.5,1.7,2.8,4.0,3.3,9.5,4.3,1.7,1.3,2.2,2.9,16.0,0.556,0.27,0.698,thompam01,42.300000000000004
239,Trayce Jackson-Davis,Projected,6.9,11.3,0.2,0.6,2.3,3.9,4.2,11.0,3.5,0.9,1.7,1.7,2.9,16.2,0.609,0.325,0.595,jackstr02,42.300000000000004
141,Tari Eason,Projected,6.8,14.0,1.6,4.4,2.1,2.7,3.3,9.5,2.2,2.3,1.2,1.7,3.4,17.2,0.486,0.353,0.754,easonta01,42.3
362,Dejounte Murray,Projected,7.9,18.0,2.2,6.4,2.9,3.6,0.8,6.0,6.8,1.7,0.4,2.9,1.9,20.8,0.438,0.339,0.808,murrade01,42.3
39,Goga Bitadze,Projected,5.2,8.8,0.2,1.1,2.2,3.3,4.0,11.1,3.4,1.2,2.4,1.8,3.8,12.9,0.594,0.223,0.654,bitadgo01,42.3
556,Robert Williams,Projected,5.5,9.1,0.5,1.4,1.7,2.2,3.3,10.9,2.5,1.3,2.4,1.8,3.2,13.2,0.6,0.355,0.793,williro04,42.2
508,Myles Turner,Projected,7.1,14.2,2.3,6.1,3.5,4.5,1.6,8.2,1.9,0.8,2.4,2.0,3.4,19.9,0.499,0.382,0.774,turnemy01,42.0
201,Isaiah Hartenstein,Projected,5.5,9.4,0.1,0.6,1.9,2.7,4.0,12.7,4.2,1.3,1.4,2.0,3.9,13.1,0.586,0.213,0.696,harteis01,41.9
520,Franz Wagner,Projected,8.9,18.6,1.8,5.7,4.5,5.2,1.1,6.0,4.7,1.3,0.4,2.3,2.6,24.0,0.478,0.308,0.864,wagnefr01,41.9
49,Tony Bradley,Projected,7.4,13.7,1.4,3.7,1.8,2.7,3.3,9.4,3.1,1.0,1.6,1.9,3.1,18.0,0.541,0.364,0.662,bradlto01,41.8
3,Bam Adebayo,Projected,7.5,15.0,0.8,2.2,3.7,4.8,2.4,10.1,4.3,1.3,0.8,2.3,2.3,19.5,0.5,0.356,0.767,adebaba01,41.699999999999996
73,Clint Capela,Projected,6.7,11.9,0.1,0.4,2.0,3.3,5.5,14.0,1.9,1.0,1.7,1.4,3.2,15.5,0.564,0.337,0.597,capelca01,41.6
382,Onyeka Okongwu,Projected,6.5,11.2,0.8,2.3,2.8,3.6,3.8,11.0,2.7,1.1,1.3,1.5,3.6,16.6,0.581,0.335,0.773,okongon01,41.400000000000006
93,Nic Claxton,Projected,6.3,10.5,0.2,0.5,1.7,3.2,3.0,10.6,2.8,1.1,2.2,1.6,2.9,14.4,0.594,0.3,0.546,claxtni01,41.4
231,Jonathan Isaac,Projected,5.0,11.2,1.5,4.9,2.4,3.4,3.5,10.0,1.5,1.9,2.5,1.2,2.8,13.8,0.446,0.299,0.699,isaacjo01,41.3
67,Jimmy Butler,Projected,6.5,13.2,0.8,2.4,6.6,7.9,2.2,5.9,5.6,1.5,0.4,1.7,1.2,20.6,0.497,0.346,0.843,butleji01,41.2
460,Pascal Siakam,Projected,8.7,16.8,1.5,4.2,3.5,4.8,1.9,7.5,4.2,0.9,0.5,1.8,2.7,22.4,0.515,0.369,0.738,siakapa01,41.099999999999994
228,Brandon Ingram,Projected,8.7,18.1,1.8,5.0,3.9,4.7,0.9,5.8,5.9,0.9,0.7,3.2,2.6,23.1,0.481,0.366,0.825,ingrabr01,41.0
23,Paolo Banchero,Projected,8.7,18.8,1.8,5.2,5.8,7.9,1.2,7.6,5.1,0.9,0.6,3.0,2.1,24.9,0.461,0.335,0.737,banchpa01,40.99999999999999
307,Sandro Mamukelashvili,Projected,6.8,13.9,2.6,7.1,2.3,3.0,3.2,9.9,3.1,1.0,0.9,1.5,3.0,18.5,0.49,0.36,0.744,mamuksa01,40.8
529,Kel'el Ware,Projected,6.7,11.9,1.0,3.1,1.3,1.9,2.9,11.7,1.8,1.0,1.7,1.5,2.7,15.7,0.557,0.336,0.715,wareke01,40.7
74,Branden Carlson,Projected,6.3,13.8,2.8,8.0,2.3,2.9,2.2,7.4,2.8,0.9,2.1,1.5,3.0,17.6,0.457,0.345,0.782,carlsbr01,40.6
208,Tyler Herro,Projected,8.4,18.0,3.3,8.6,3.4,3.9,0.5,5.5,5.3,0.9,0.2,2.5,1.3,23.5,0.467,0.382,0.878,herroty01,40.6
114,Dyson Daniels,Projected,5.8,11.8,1.2,3.4,1.2,1.9,1.7,6.5,4.7,2.9,0.7,2.0,2.5,14.0,0.496,0.346,0.628,daniedy01,40.599999999999994
521,Moritz Wagner,Projected,8.2,14.5,1.4,4.1,4.4,5.7,2.6,8.8,2.7,1.2,0.6,2.6,3.8,22.2,0.564,0.344,0.774,wagnemo01,40.4
340,Leonard Miller,Projected,6.8,13.8,1.7,5.2,3.3,3.9,2.1,8.4,3.7,1.4,0.8,1.9,2.7,18.6,0.491,0.32,0.849,millele01,40.3
115,N'Faly Dante,Projected,6.5,12.4,1.6,4.3,2.6,3.3,2.3,8.6,3.4,1.1,1.4,1.9,3.6,17.2,0.528,0.367,0.79,nfalyda01,40.3
492,Ausar Thompson,Projected,6.3,12.0,0.5,2.0,2.2,3.4,2.9,8.6,3.4,2.2,1.2,2.0,4.1,15.3,0.523,0.242,0.648,thompau01,40.2
336,Khris Middleton,Projected,7.1,15.0,2.1,5.9,2.8,3.3,0.8,6.0,6.4,1.3,0.4,2.7,3.3,19.1,0.473,0.36,0.843,middlkh01,40.1
551,Jaylin Williams,Projected,4.5,10.1,2.5,6.2,1.4,1.7,1.9,10.6,4.9,1.1,1.1,1.5,3.6,12.8,0.447,0.397,0.78,willija07,40.099999999999994
377,Jusuf Nurkić,Projected,5.7,11.7,0.8,2.8,2.9,4.4,3.2,13.2,4.4,1.3,1.2,3.1,4.4,15.2,0.491,0.301,0.657,nurkiju01,40.0
66,Jared Butler,Projected,6.9,14.8,2.0,5.6,2.5,3.0,0.9,4.1,7.3,1.5,0.5,2.7,3.3,18.2,0.463,0.355,0.829,butleja02,40.0
189,Mouhamed Gueye,Projected,5.2,11.9,1.6,5.4,2.3,3.0,2.8,9.0,2.4,1.8,1.9,1.2,3.6,14.3,0.439,0.294,0.778,gueyemo02,39.900000000000006
16,Deandre Ayton,Projected,8.3,14.5,0.2,0.9,1.5,2.0,3.4,11.8,2.0,1.0,1.0,2.0,2.6,18.3,0.567,0.253,0.743,aytonde01,39.900000000000006
120,RayJ Dennis,Projected,6.1,14.4,2.4,7.1,2.1,2.6,1.5,6.6,5.0,2.0,0.8,2.2,3.0,16.8,0.428,0.334,0.811,dennira01,39.89999999999999
43,Bol Bol,Projected,7.1,13.1,1.9,5.3,1.8,2.3,1.8,8.9,2.0,0.8,1.8,1.9,2.3,17.8,0.542,0.354,0.775,bolbo01,39.8
133,Andre Drummond,Projected,6.3,12.1,0.2,1.0,3.0,4.9,5.6,15.8,1.6,1.8,1.0,2.5,4.1,15.8,0.524,0.254,0.607,drumman01,39.8
403,Bobby Portis,Projected,8.0,16.5,1.8,4.9,1.8,2.3,2.6,11.3,2.5,1.0,0.6,1.7,2.9,19.6,0.482,0.378,0.804,portibo01,39.7
261,Kai Jones,Projected,6.4,9.5,0.5,1.7,1.9,2.6,2.7,8.8,2.3,1.2,1.6,1.6,3.6,15.2,0.672,0.329,0.743,joneska01,39.7
346,Josh Minott,Projected,6.1,12.5,1.9,5.3,2.6,3.1,1.6,6.6,3.0,1.7,1.4,1.6,3.7,16.8,0.49,0.351,0.857,minotjo01,39.7
59,Jaylen Brown,Projected,9.0,18.8,2.1,6.2,3.8,5.0,1.3,6.2,4.3,1.2,0.4,2.7,2.7,23.8,0.477,0.335,0.747,brownja02,39.7
91,Brandon Clarke,Projected,7.1,11.7,0.2,1.0,2.0,2.8,3.5,9.4,2.2,1.5,1.1,1.4,4.1,16.4,0.603,0.233,0.698,clarkbr01,39.7
506,Oscar Tshiebwe,Projected,6.2,11.5,0.8,2.1,3.1,4.1,4.7,13.2,2.3,1.6,0.4,1.6,3.1,16.3,0.54,0.364,0.757,tshieos01,39.6
98,John Collins,Projected,7.6,14.5,1.6,4.4,3.3,4.0,2.5,9.7,2.0,1.0,1.2,2.3,3.5,20.1,0.524,0.373,0.824,collijo01,39.6
399,Jordan Poole,Projected,8.0,18.5,3.6,9.9,4.0,4.5,0.6,3.6,5.4,1.4,0.5,3.3,3.5,23.5,0.431,0.363,0.878,poolejo01,39.5
401,Kevin Porter Jr.,Projected,7.1,15.6,1.6,4.8,3.2,4.2,1.1,6.6,6.1,1.8,0.4,3.2,2.8,19.0,0.456,0.334,0.777,porteke02,39.4
170,Paul George,Projected,7.4,16.6,2.9,7.7,3.1,3.6,0.7,5.8,4.3,1.7,0.5,2.6,2.9,20.8,0.446,0.378,0.862,georgpa01,39.4
415,Immanuel Quickley,Projected,7.0,16.1,3.1,7.9,3.8,4.5,0.6,4.9,6.2,1.0,0.2,2.0,2.3,20.9,0.436,0.387,0.853,quickim01,39.3
63,Thomas Bryant,Projected,6.4,12.2,1.5,4.6,2.4,2.9,2.9,9.6,2.1,1.0,1.4,1.3,3.0,16.8,0.527,0.327,0.832,bryanth01,39.2
54,Miles Bridges,Projected,8.1,18.1,2.4,7.2,3.3,3.9,1.2,7.9,4.0,0.8,0.7,2.2,1.7,21.8,0.445,0.329,0.855,bridgmi02,39.2
283,Luke Kornet,Projected,5.1,7.9,0.2,0.5,1.8,2.4,4.5,9.7,3.0,0.9,1.9,0.9,3.1,12.2,0.647,0.326,0.744,kornelu01,39.199999999999996
424,Naz Reid,Projected,7.2,15.2,2.9,7.3,2.0,2.6,1.5,7.9,2.7,1.0,1.2,1.9,3.2,19.3,0.475,0.39,0.759,reidna01,39.10000000000001
192,PJ Hall,Projected,6.8,13.3,1.8,5.2,2.3,3.0,2.2,8.3,3.5,0.9,1.2,1.8,3.6,17.6,0.51,0.343,0.78,hallpj01,39.1
254,Keshad Johnson,Projected,6.5,11.9,1.7,4.5,2.2,3.3,1.9,8.1,3.1,1.5,1.0,1.9,3.2,16.8,0.542,0.382,0.662,johnske10,39.0
354,Malik Monk,Projected,7.3,16.5,2.6,7.6,3.0,3.5,0.6,4.4,6.5,1.0,0.7,2.8,2.8,20.2,0.444,0.338,0.854,monkma01,39.0
446,Alex Sarr,Projected,6.7,16.1,2.1,6.6,2.3,3.3,2.5,8.7,3.4,0.9,2.0,2.2,2.8,17.8,0.414,0.326,0.7,sarral01,38.900000000000006
452,Collin Sexton,Projected,8.5,17.4,2.2,5.5,4.8,5.5,1.3,3.7,5.7,1.0,0.2,3.0,2.9,23.9,0.485,0.401,0.858,sextoco01,38.900000000000006
61,Moses Brown,Projected,7.5,13.2,0.8,2.1,2.5,4.5,4.0,11.7,2.0,1.2,1.1,2.4,4.1,18.2,0.568,0.366,0.56,brownmo01,38.9
319,Karlo Matković,Projected,6.3,11.2,1.2,3.4,1.7,2.2,2.7,9.1,2.5,1.1,1.7,2.0,4.4,15.4,0.56,0.337,0.781,matkoka01,38.800000000000004
387,Chris Paul,Projected,4.3,10.1,2.0,5.6,1.4,1.6,0.5,4.8,9.0,1.6,0.3,2.0,2.5,12.0,0.423,0.364,0.874,paulch01,38.7
22,Mo Bamba,Projected,5.0,10.4,1.5,4.4,1.8,2.6,2.9,11.1,2.2,0.9,2.4,1.8,4.6,13.3,0.478,0.34,0.707,bambamo01,38.7
100,Zach Collins,Projected,6.3,12.8,1.3,4.1,2.7,3.3,3.2,9.6,4.3,1.0,1.1,2.6,4.7,16.7,0.496,0.322,0.808,colliza01,38.6
80,Alex Caruso,Projected,4.6,10.0,2.1,5.6,1.4,1.8,1.2,5.2,4.5,2.4,1.1,1.6,3.4,12.7,0.454,0.376,0.792,carusal01,38.6
547,Brandon Williams,Projected,7.0,14.0,1.8,4.7,3.7,4.6,1.1,4.8,5.3,1.5,0.5,2.6,2.4,19.5,0.499,0.377,0.81,willibr03,38.6
542,Derrick White,Projected,5.8,13.1,3.3,8.6,2.0,2.4,0.9,4.8,5.1,1.0,1.2,1.8,2.2,17.0,0.447,0.383,0.855,whitede01,38.599999999999994
539,Russell Westbrook,Projected,6.5,14.8,1.5,4.7,2.7,4.0,1.8,6.7,7.5,1.7,0.6,4.0,3.1,17.2,0.441,0.307,0.663,westbru01,38.5
44,Adem Bona,Projected,5.6,8.6,0.3,0.9,2.7,3.9,3.4,9.5,1.6,1.1,2.5,2.3,4.5,14.3,0.657,0.356,0.695,bonaad01,38.5
18,Marvin Bagley III,Projected,7.7,14.0,0.6,2.1,3.1,4.2,4.1,10.2,2.0,0.9,1.1,1.9,2.7,19.1,0.549,0.3,0.737,baglema01,38.400000000000006
264,Tre Jones,Projected,5.4,10.5,1.0,2.8,2.1,2.5,1.1,4.9,7.7,1.4,0.3,1.7,1.9,13.8,0.509,0.35,0.838,jonestr01,38.400000000000006
29,RJ Barrett,Projected,8.6,17.9,2.0,5.6,3.9,5.8,1.1,6.7,5.0,0.8,0.4,2.8,2.6,23.0,0.478,0.353,0.676,barrerj01,38.300000000000004
277,Bobi Klintman,Projected,6.1,12.4,2.0,5.3,2.2,3.0,1.5,6.6,4.5,1.4,0.8,1.8,3.5,16.5,0.498,0.378,0.756,klintbo01,38.3
225,Bones Hyland,Projected,6.9,16.8,3.5,9.5,2.5,3.0,0.8,4.5,5.3,1.8,0.5,2.9,3.5,19.8,0.412,0.369,0.838,hylanbo01,38.3
439,D'Angelo Russell,Projected,6.6,15.4,2.9,8.1,2.7,3.2,0.5,3.8,6.9,1.2,0.5,2.5,2.5,18.7,0.427,0.361,0.828,russeda01,38.3
324,CJ McCollum,Projected,8.2,18.6,3.4,8.7,2.3,3.0,0.8,4.4,4.7,1.0,0.5,2.1,2.3,22.1,0.442,0.387,0.748,mccolcj01,38.2
310,Lauri Markkanen,Projected,7.8,17.2,3.3,8.9,4.4,5.0,2.0,7.7,2.0,0.9,0.5,1.7,2.0,23.2,0.453,0.368,0.88,markkla01,38.2
435,Ryan Rollins,Projected,6.0,12.1,2.1,5.2,2.0,2.4,1.1,5.2,4.6,1.9,0.8,2.4,3.6,16.1,0.494,0.414,0.8,rolliry01,38.1
15,Deni Avdija,Projected,6.5,13.3,1.8,5.0,4.1,5.3,1.7,8.7,4.6,1.1,0.6,2.9,2.9,18.9,0.488,0.368,0.772,avdijde01,38.099999999999994
5,Santi Aldama,Projected,6.3,13.3,2.5,6.7,1.5,2.2,1.9,8.5,3.6,1.1,0.8,1.5,1.9,16.7,0.475,0.367,0.696,aldamsa01,38.099999999999994
13,Cole Anthony,Projected,6.7,15.2,2.1,5.8,3.1,3.8,1.3,6.2,5.2,1.3,0.8,2.6,3.8,18.6,0.439,0.355,0.833,anthoco01,38.0
501,Obi Toppin,Projected,7.1,13.3,2.4,6.5,1.9,2.5,1.5,7.1,2.9,1.0,0.7,1.5,2.7,18.6,0.535,0.375,0.78,toppiob01,38.0
47,Chris Boucher,Projected,6.7,13.8,2.3,6.6,3.0,3.9,2.9,9.3,1.5,1.0,1.1,1.3,3.1,18.8,0.488,0.349,0.772,bouchch01,37.900000000000006
304,Kevin Love,Projected,5.7,14.2,3.0,8.8,2.7,3.5,2.2,11.7,3.8,1.0,0.5,2.0,3.3,17.2,0.405,0.339,0.773,loveke01,37.900000000000006
175,Collin Gillespie,Projected,5.5,12.3,2.7,6.5,1.7,2.1,1.5,5.8,5.4,1.6,0.4,1.6,2.6,15.5,0.448,0.418,0.81,gilleco01,37.900000000000006
302,Kevon Looney,Projected,4.5,8.4,0.2,0.5,1.8,2.9,5.0,13.3,3.8,1.2,1.0,1.3,4.6,11.0,0.541,0.362,0.614,looneke01,37.8
84,Justin Champagnie,Projected,5.7,11.4,2.0,5.3,1.5,2.1,2.9,9.2,2.0,1.7,1.1,1.5,2.8,15.0,0.505,0.379,0.715,champju01,37.8
543,Cam Whitmore,Projected,8.1,17.5,2.9,7.9,2.7,3.6,1.7,7.0,2.2,1.3,0.6,1.9,2.2,21.8,0.464,0.37,0.737,whitmca01,37.7
154,Kyle Filipowski,Projected,6.3,12.4,1.9,5.2,2.3,3.4,2.6,10.3,3.5,1.2,0.6,2.3,3.8,16.8,0.51,0.362,0.673,filipky01,37.7
361,Trey Murphy III,Projected,6.8,14.8,3.2,8.4,3.4,3.9,1.0,5.4,3.2,1.1,0.7,1.5,2.0,20.2,0.461,0.377,0.871,murphtr02,37.7
417,Julius Randle,Projected,7.7,16.3,1.9,5.6,4.6,5.8,2.2,8.4,5.0,0.7,0.3,3.2,2.9,21.9,0.474,0.335,0.789,randlju01,37.699999999999996
176,Rudy Gobert,Projected,5.4,8.3,0.1,0.2,3.0,4.6,3.8,12.2,1.8,0.8,1.7,1.5,3.0,13.8,0.648,0.323,0.656,goberru01,37.6
385,Kelly Olynyk,Projected,5.5,10.7,1.4,3.5,3.2,4.0,2.2,8.0,5.7,1.3,0.7,3.1,4.7,15.5,0.512,0.39,0.802,olynyke01,37.6
183,Draymond Green,Projected,4.1,9.2,1.3,3.9,1.7,2.4,1.4,7.9,7.0,1.6,1.2,3.2,3.9,11.2,0.447,0.333,0.697,greendr01,37.5
153,Bruno Fernando,Projected,6.0,11.1,0.4,1.4,2.8,4.0,3.3,10.0,3.2,1.1,1.6,2.5,5.3,15.2,0.538,0.329,0.702,fernabr01,37.5
285,Jonathan Kuminga,Projected,8.1,16.3,1.3,4.0,4.3,6.1,1.8,6.8,3.3,1.1,0.7,2.2,3.0,21.9,0.499,0.329,0.707,kuminjo01,37.49999999999999
405,Quinten Post,Projected,6.5,14.2,3.5,8.6,1.4,1.8,1.8,7.6,3.2,0.9,0.9,1.8,4.0,17.9,0.458,0.407,0.784,postqu01,37.4
482,Jalen Suggs,Projected,6.5,14.6,2.6,7.4,2.8,3.4,1.0,4.8,4.2,1.8,1.0,2.9,3.5,18.4,0.444,0.357,0.822,suggsja01,37.4
419,Austin Reaves,Projected,6.5,13.7,2.5,6.6,4.1,4.7,0.9,4.7,5.8,1.0,0.3,2.4,2.1,19.5,0.473,0.376,0.869,reaveau01,37.4
99,Yuri Collins,Projected,6.0,12.7,1.9,5.1,2.3,3.0,1.9,6.7,4.5,1.5,0.7,1.9,3.5,16.1,0.469,0.367,0.785,colliyu01,37.300000000000004
167,Luka Garza,Projected,8.1,16.5,1.9,6.2,3.8,5.3,4.0,8.2,2.5,1.0,0.5,2.0,4.5,22.0,0.492,0.312,0.726,garzalu01,37.3
414,Neemias Queta,Projected,5.9,9.6,0.3,0.9,2.0,2.7,3.7,9.9,2.2,0.9,1.7,1.7,4.3,14.1,0.618,0.328,0.752,quetane01,37.2
472,Tyler Smith,Projected,6.8,13.9,2.9,6.9,2.3,2.9,1.8,7.1,2.9,1.1,0.9,2.2,2.9,18.7,0.487,0.413,0.778,smithty02,37.2
515,Devin Vassell,Projected,7.5,16.4,2.8,7.5,2.1,2.6,0.6,4.6,3.8,1.4,0.5,1.7,1.7,19.9,0.459,0.376,0.798,vassede01,37.2
431,Mitchell Robinson,Projected,4.4,7.4,0.3,0.8,1.6,2.9,5.7,11.6,1.6,1.6,1.9,1.3,3.0,10.6,0.59,0.365,0.554,robinmi01,37.2
249,Cameron Johnson,Projected,6.8,14.5,3.1,7.9,3.3,3.8,1.1,5.3,3.6,1.1,0.5,1.7,2.2,19.9,0.466,0.389,0.866,johnsca02,37.1
514,Fred VanVleet,Projected,5.3,13.5,2.8,7.9,2.3,2.8,0.5,3.9,6.4,1.5,0.6,1.6,2.5,15.8,0.393,0.356,0.838,vanvlfr01,37.1
121,DeMar DeRozan,Projected,7.9,16.7,1.0,3.1,5.3,6.2,0.6,4.0,4.6,0.9,0.5,1.6,2.1,22.1,0.472,0.324,0.852,derozde01,36.900000000000006
390,Gary Payton II,Projected,6.2,11.1,1.2,3.7,1.1,1.6,2.1,6.8,3.1,1.9,0.7,1.6,4.1,14.7,0.553,0.34,0.708,paytoga02,36.900000000000006
290,Zach LaVine,Projected,8.3,16.7,3.0,7.2,3.4,4.1,0.4,4.6,4.2,0.8,0.2,2.7,1.9,23.1,0.497,0.421,0.829,lavinza01,36.900000000000006
214,Richaun Holmes,Projected,5.8,10.0,0.4,1.1,2.8,3.5,3.8,10.7,2.6,0.7,1.3,1.6,3.8,14.8,0.582,0.332,0.796,holmeri01,36.8
262,Mason Jones,Projected,6.2,13.3,1.8,5.9,2.6,3.4,1.6,6.7,5.1,1.0,0.7,1.9,2.8,16.8,0.467,0.305,0.773,jonesma05,36.8
461,Ben Simmons,Projected,4.1,7.9,0.2,0.6,0.9,1.4,1.7,8.2,8.5,1.3,0.8,3.1,3.5,9.3,0.522,0.359,0.66,simmobe01,36.699999999999996
86,Cam Christie,Projected,5.9,13.6,1.9,6.1,2.3,3.1,1.8,7.0,4.0,1.8,0.7,1.8,2.6,15.9,0.434,0.305,0.734,chrisca02,36.6
265,Tyus Jones,Projected,5.4,11.9,2.5,6.0,0.9,1.1,0.6,3.5,7.5,1.2,0.2,1.5,1.0,14.2,0.459,0.407,0.846,jonesty01,36.5
21,Lonzo Ball,Projected,4.5,11.6,2.9,8.4,1.3,1.6,1.2,5.7,5.1,2.0,0.8,1.9,2.6,13.2,0.387,0.346,0.802,balllo01,36.5
218,Talen Horton-Tucker,Projected,6.7,15.3,2.0,6.0,3.4,4.4,1.0,5.1,5.2,1.3,0.6,2.3,3.0,18.8,0.438,0.336,0.765,hortota01,36.400000000000006
35,Bradley Beal,Projected,7.5,15.1,2.1,5.3,2.5,3.0,0.9,4.2,4.6,1.1,0.6,2.4,2.8,19.5,0.497,0.391,0.808,bealbr01,36.4
490,Cam Thomas,Projected,8.9,19.9,2.7,7.4,5.3,6.2,0.6,4.0,3.8,0.8,0.2,2.4,2.2,25.9,0.45,0.365,0.868,thomaca02,36.4
131,Jeff Dowtin Jr.,Projected,6.2,12.7,1.7,4.3,1.9,2.5,0.9,4.2,4.6,1.4,0.7,1.1,1.8,16.0,0.486,0.395,0.743,dowtije01,36.4
338,Emanuel Miller,Projected,6.2,13.1,1.8,5.0,2.6,3.2,2.2,7.3,3.9,1.3,0.6,1.8,2.9,16.8,0.477,0.353,0.809,milleem01,36.4
410,Payton Pritchard,Projected,6.3,13.4,3.6,9.0,1.1,1.4,1.5,5.0,4.7,1.0,0.2,1.4,2.0,17.3,0.469,0.4,0.832,pritcpa01,36.2
127,Donte DiVincenzo,Projected,5.9,13.7,3.8,9.7,1.2,1.6,0.9,5.1,4.3,1.6,0.4,2.0,2.6,17.0,0.433,0.397,0.773,divindo01,36.2
81,Stephon Castle,Projected,7.2,16.2,1.7,5.5,4.1,5.6,1.5,5.2,5.6,1.3,0.4,2.8,2.7,20.2,0.444,0.303,0.737,castlst01,36.2
397,Brandin Podziemski,Projected,5.7,12.4,2.2,5.6,1.4,1.9,1.7,7.3,4.8,1.4,0.3,1.6,2.1,15.0,0.461,0.386,0.736,podzibr01,36.2
184,Jalen Green,Projected,8.1,18.7,3.0,8.4,3.9,4.8,0.6,5.3,3.9,1.0,0.4,2.6,1.7,23.1,0.433,0.356,0.812,greenja05,36.2
10,Jose Alvarado,Projected,5.4,13.3,2.8,7.6,1.6,2.0,0.8,4.1,5.9,1.9,0.4,2.0,2.7,15.1,0.405,0.363,0.782,alvarjo01,36.1
367,Larry Nance Jr.,Projected,5.1,9.5,1.4,3.4,1.3,1.8,2.3,8.4,3.2,1.6,0.8,1.4,3.0,12.9,0.534,0.415,0.741,nancela02,36.099999999999994
11,Kyle Anderson,Projected,4.7,10.0,0.7,2.1,1.9,2.6,1.5,6.5,5.8,1.4,1.1,1.7,2.8,11.9,0.467,0.339,0.727,anderky01,36.0
402,Michael Porter Jr.,Projected,7.4,14.8,2.9,7.2,1.9,2.4,1.7,7.6,2.1,0.7,0.6,1.4,2.2,19.4,0.497,0.398,0.785,portemi01,36.0
296,Caris LeVert,Projected,6.1,13.8,2.2,6.1,2.5,3.5,0.9,4.8,5.2,1.3,0.7,1.9,2.3,17.0,0.445,0.357,0.731,leverca01,36.0
471,Tolu Smith,Projected,6.7,13.5,1.8,4.9,2.6,3.4,2.3,7.4,3.5,1.1,0.7,2.2,3.0,17.9,0.499,0.366,0.765,smithto05,36.0
477,Isaiah Stevens,Projected,6.1,13.3,2.0,5.6,2.5,3.1,1.6,6.9,3.9,1.4,0.7,2.0,2.6,16.6,0.459,0.352,0.784,steveis01,36.0
436,Jackson Rowe,Projected,6.0,12.9,2.0,5.9,2.4,3.4,1.8,6.8,3.7,1.6,0.6,1.8,2.8,16.5,0.467,0.343,0.699,roweja01,36.0
565,Jahmir Young,Projected,6.1,12.2,1.9,5.1,2.5,3.1,1.6,6.2,4.5,1.1,0.6,2.0,2.7,16.6,0.498,0.376,0.81,youngja05,35.9
26,Dominick Barlow,Projected,5.6,10.8,0.8,2.5,2.3,3.2,3.3,8.5,2.7,1.0,1.3,0.9,4.0,14.3,0.52,0.317,0.696,barlodo01,35.9
422,Alex Reese,Projected,5.2,10.9,2.3,6.3,2.0,2.5,1.6,7.3,2.1,1.5,1.3,1.5,3.2,14.7,0.478,0.367,0.77,reeseal01,35.7
337,Brandon Miller,Projected,7.5,17.2,3.3,8.9,2.4,2.9,1.0,5.1,3.3,1.1,0.7,2.3,2.8,20.7,0.435,0.373,0.843,millebr02,35.6
474,Cam Spencer,Projected,5.5,12.3,2.5,6.7,2.7,2.9,1.7,5.3,4.6,1.3,0.4,1.4,3.0,16.1,0.443,0.369,0.905,spencca01,35.6
229,Harrison Ingram,Projected,5.6,11.7,1.7,4.8,2.1,2.7,1.8,7.2,3.9,1.6,0.6,1.9,2.6,15.0,0.479,0.356,0.786,ingraha01,35.599999999999994
144,Jesse Edwards,Projected,6.1,12.9,2.0,5.4,2.5,3.2,1.6,6.5,4.1,1.2,0.7,2.0,3.1,16.7,0.473,0.366,0.784,edwarje01,35.599999999999994
443,Adama Sanogo,Projected,6.7,13.4,1.5,4.0,2.6,3.5,3.7,9.0,3.2,1.0,0.6,2.1,2.6,17.4,0.498,0.372,0.757,sanogad01,35.599999999999994
303,Brook Lopez,Projected,5.6,11.4,2.0,5.5,1.7,2.1,1.7,5.9,2.0,0.7,2.3,1.3,2.7,14.9,0.494,0.362,0.811,lopezbr01,35.599999999999994
237,Quenton Jackson,Projected,5.6,11.9,1.5,4.2,2.9,3.7,1.4,4.9,4.7,1.7,0.5,1.7,3.6,15.8,0.473,0.363,0.782,jacksqu01,35.5
541,Coby White,Projected,7.1,15.6,2.9,7.8,3.4,3.9,0.5,4.3,4.9,0.9,0.2,2.3,2.3,20.6,0.457,0.377,0.882,whiteco01,35.5
388,Cameron Payne,Projected,5.9,14.3,2.9,7.8,1.7,2.0,0.6,3.6,6.2,1.2,0.5,1.9,3.5,16.4,0.414,0.368,0.862,payneca01,35.5
68,Matas Buzelis,Projected,6.2,13.2,2.3,6.2,2.2,2.7,1.4,6.8,2.1,0.8,1.7,1.7,2.9,16.9,0.469,0.374,0.819,buzelma01,35.5
150,Drew Eubanks,Projected,5.2,8.9,0.3,0.7,2.2,3.1,2.9,10.0,2.5,0.8,1.8,1.9,3.3,13.0,0.584,0.413,0.708,eubandr01,35.5
546,Alondes Williams,Projected,6.5,13.5,2.0,5.6,2.5,3.1,1.5,6.2,3.9,1.1,0.8,2.2,2.8,17.4,0.479,0.364,0.792,willial06,35.49999999999999
400,Craig Porter Jr.,Projected,5.8,11.3,1.3,3.2,2.0,2.7,1.3,5.5,5.4,1.2,0.9,2.5,2.0,14.8,0.51,0.406,0.74,portecr01,35.400000000000006
462,Anfernee Simons,Projected,7.7,17.7,3.4,9.1,3.0,3.3,0.5,3.3,5.3,0.8,0.1,2.3,2.0,21.7,0.434,0.373,0.9,simonan01,35.4
352,Isaiah Mobley,Projected,5.9,13.1,1.9,5.2,2.1,2.8,1.6,6.6,4.1,1.2,0.8,1.6,3.1,15.8,0.451,0.355,0.742,mobleis01,35.3
475,Pat Spencer,Projected,5.9,13.8,1.2,4.1,1.9,2.5,2.0,6.6,5.8,1.6,0.5,2.4,2.8,14.9,0.429,0.293,0.756,spencpa01,35.3
333,De'Anthony Melton,Projected,5.2,12.5,2.7,7.3,1.9,2.4,1.2,5.4,3.9,2.0,0.6,1.7,3.3,15.0,0.415,0.372,0.796,meltode01,35.3
544,Aaron Wiggins,Projected,6.9,13.6,2.4,5.9,1.6,2.0,1.7,6.0,2.8,1.3,0.4,1.5,2.3,17.7,0.504,0.4,0.818,wiggiaa01,35.3
178,Aaron Gordon,Projected,6.5,12.1,1.3,3.4,3.2,4.4,2.3,6.8,4.0,0.8,0.6,1.8,2.2,17.5,0.538,0.385,0.726,gordoaa01,35.3
412,Zyon Pullin,Projected,6.2,13.3,2.0,5.5,2.5,3.2,1.7,6.6,4.0,1.2,0.7,2.1,2.7,16.9,0.468,0.368,0.785,pullizy01,35.3
204,Jaxson Hayes,Projected,5.4,8.0,0.2,0.7,2.2,3.4,2.6,8.6,2.0,1.2,1.5,1.6,4.4,13.2,0.677,0.263,0.649,hayesja02,35.2
379,Jahlil Okafor,Projected,6.1,13.1,2.0,5.5,2.5,3.2,1.6,6.6,4.1,1.2,0.7,2.1,2.7,16.6,0.465,0.358,0.778,okafoja01,35.2
25,Dalano Banton,Projected,6.6,16.3,2.2,6.9,3.0,4.0,1.2,5.1,4.8,1.3,1.0,2.6,2.1,18.4,0.405,0.322,0.751,bantoda01,35.199999999999996
523,Jarace Walker,Projected,5.4,11.2,2.3,5.6,1.5,2.1,0.9,7.0,3.6,1.6,0.8,2.2,3.3,14.5,0.476,0.411,0.708,walkeja02,35.199999999999996
122,Moussa Diabaté,Projected,5.1,8.8,0.2,0.8,2.2,3.5,5.2,12.1,1.9,1.4,1.1,1.8,3.0,12.6,0.578,0.3,0.626,diabamo01,35.199999999999996
395,Daeqwon Plowden,Projected,6.8,13.1,2.8,6.5,2.1,2.6,1.8,6.3,3.1,0.9,0.5,2.1,3.4,18.4,0.519,0.429,0.806,plowdda01,35.1
447,Marcus Sasser,Projected,6.1,13.3,2.5,6.5,1.8,2.2,0.7,3.6,5.9,1.4,0.3,2.3,2.9,16.5,0.455,0.383,0.848,sassema01,35.1
270,Yuki Kawamura,Projected,5.6,12.7,2.3,6.8,2.6,3.4,1.1,6.0,5.3,1.1,0.5,2.0,2.8,16.1,0.442,0.341,0.785,kawamyu01,35.1
326,Kevin McCullar Jr.,Projected,5.8,12.6,1.7,4.9,2.6,3.2,1.4,7.2,3.8,1.2,0.8,1.8,3.4,15.8,0.457,0.354,0.811,mcculke01,35.099999999999994
473,Jeremy Sochan,Projected,6.3,12.7,1.0,3.1,2.2,2.9,2.8,8.6,3.8,1.1,0.7,2.2,3.1,15.8,0.499,0.319,0.735,sochaje01,35.0
322,Jared McCain,Projected,7.6,15.9,2.9,7.5,3.0,3.4,1.0,4.2,3.8,1.0,0.2,2.2,2.3,21.0,0.475,0.393,0.862,mccaija01,35.0
396,Mason Plumlee,Projected,4.2,7.0,0.2,0.5,2.7,4.1,3.2,11.9,3.6,0.9,1.1,1.8,4.0,11.2,0.593,0.278,0.659,plumlma01,34.900000000000006
534,Anton Watson,Projected,6.3,13.5,1.8,5.1,2.3,2.9,1.7,6.5,3.9,1.3,0.7,2.2,3.0,16.7,0.47,0.353,0.783,watsoan02,34.900000000000006
323,Mac McClung,Projected,6.0,13.1,1.9,5.5,2.5,3.2,1.6,6.5,4.4,1.1,0.7,2.0,3.1,16.3,0.457,0.349,0.772,mccluma01,34.900000000000006
499,Nae'Qwan Tomlin,Projected,6.6,14.7,1.8,5.6,3.1,4.1,2.6,8.2,3.2,0.9,0.7,1.8,3.4,18.2,0.452,0.321,0.762,tomlina01,34.9
347,Yves Missi,Projected,5.2,9.4,0.2,0.5,2.4,3.7,4.6,11.0,2.0,0.7,1.8,1.5,2.6,13.0,0.552,0.357,0.647,missiyv01,34.9
266,DeAndre Jordan,Projected,5.0,8.3,0.3,0.8,1.7,3.5,3.9,13.1,2.8,0.8,1.3,2.2,4.0,12.0,0.603,0.354,0.479,jordade01,34.9
545,Andrew Wiggins,Projected,7.1,15.7,2.3,6.1,3.2,4.3,1.8,5.6,2.8,1.1,0.9,1.8,2.3,19.6,0.45,0.369,0.754,wiggian01,34.9
19,Patrick Baldwin Jr.,Projected,5.6,12.4,2.8,7.1,1.6,2.2,1.4,8.1,2.5,1.2,0.9,1.6,3.2,15.5,0.451,0.398,0.713,baldwpa01,34.8
345,Riley Minix,Projected,6.0,13.0,2.0,5.6,2.4,3.1,1.6,6.8,3.8,1.2,0.7,2.0,2.6,16.5,0.466,0.352,0.783,minixri01,34.8
467,Dru Smith,Projected,4.8,10.0,2.0,4.6,1.5,2.0,1.6,5.3,3.6,2.2,0.8,2.0,3.6,13.2,0.48,0.44,0.779,smithdr01,34.8
426,Nick Richards,Projected,5.7,9.3,0.1,0.4,3.2,4.2,3.8,12.0,1.4,0.5,1.5,2.0,3.8,14.7,0.612,0.333,0.744,richani01,34.7
479,Isaiah Stewart,Projected,4.7,9.1,1.0,2.8,1.8,2.4,2.8,9.3,2.7,0.7,1.9,1.7,3.7,12.3,0.524,0.361,0.763,stewais01,34.7
309,Tre Mann,Projected,6.4,14.2,2.2,5.8,1.9,2.3,1.1,5.2,5.0,1.4,0.3,2.3,2.3,16.8,0.448,0.375,0.812,manntr01,34.60000000000001
108,Cui Yongxi,Projected,6.2,13.9,2.0,5.9,2.6,3.5,1.6,6.8,3.8,1.2,0.7,2.0,2.6,17.0,0.446,0.334,0.756,cuiyo01,34.6
384,Quincy Olivari,Projected,6.2,13.6,2.1,6.3,2.4,3.1,1.6,6.3,4.0,1.2,0.7,2.2,2.6,16.9,0.455,0.341,0.785,olivaqu01,34.6
101,Mike Conley,Projected,4.3,10.2,2.6,6.4,1.8,2.0,0.7,3.7,6.7,1.5,0.3,1.7,2.3,12.9,0.417,0.406,0.879,conlemi01,34.6
200,Josh Hart,Projected,4.7,9.4,1.1,3.2,1.8,2.3,1.9,8.9,5.1,1.3,0.3,1.8,2.5,12.1,0.496,0.329,0.775,hartjo01,34.599999999999994
375,Miles Norris,Projected,5.6,12.6,2.1,5.9,2.3,3.0,1.7,7.1,3.3,1.4,0.8,1.7,2.3,15.5,0.442,0.35,0.752,norrimi01,34.599999999999994
418,Duop Reath,Projected,6.2,13.8,2.5,7.3,1.9,2.4,2.8,7.1,2.3,1.0,1.1,1.5,3.9,16.8,0.448,0.342,0.793,reathdu01,34.5
466,Marcus Smart,Projected,5.4,13.1,2.4,7.1,2.5,3.3,0.9,3.9,5.7,2.0,0.5,2.9,3.0,15.7,0.412,0.336,0.76,smartma01,34.5
118,Terence Davis,Projected,6.2,14.1,2.7,7.5,2.1,2.7,1.2,6.2,3.4,1.4,0.6,2.1,3.5,17.3,0.442,0.359,0.784,daviste02,34.5
561,James Wiseman,Projected,6.6,11.5,0.4,1.2,2.6,3.6,3.2,10.3,2.1,0.5,1.2,2.1,4.2,16.3,0.577,0.329,0.733,wisemja01,34.5
268,Nikola Jović,Projected,5.5,11.8,2.5,6.4,2.1,2.6,1.0,6.4,4.0,1.2,0.5,1.8,2.7,15.6,0.468,0.386,0.811,jovicni01,34.4
274,Braxton Key,Projected,5.6,12.8,1.7,4.8,3.1,4.4,1.7,7.1,3.9,1.4,0.7,1.9,2.7,16.1,0.441,0.354,0.714,keybr01,34.4
252,Keldon Johnson,Projected,7.3,15.5,2.0,5.9,3.1,4.0,1.9,6.9,2.9,0.9,0.4,1.7,2.4,19.7,0.473,0.334,0.778,johnske04,34.4
85,Ulrich Chomche,Projected,5.8,12.0,1.7,4.7,2.4,3.1,2.2,7.2,3.8,1.1,0.8,2.1,3.1,15.6,0.478,0.375,0.758,chomcul01,34.4
356,Taze Moore,Projected,6.1,14.1,1.9,5.7,2.3,3.1,2.4,7.4,3.8,1.5,0.6,2.3,2.6,16.4,0.433,0.327,0.736,mooreta02,34.4
162,Markelle Fultz,Projected,6.3,13.2,0.6,1.8,1.4,1.9,1.7,5.2,5.3,1.7,0.6,2.4,2.6,14.7,0.477,0.348,0.764,fultzma01,34.4
177,Jordan Goodwin,Projected,4.8,11.5,1.6,4.6,1.3,1.7,2.5,7.7,4.2,1.8,0.7,1.8,2.8,12.5,0.417,0.342,0.77,goodwjo01,34.3
371,Tristen Newton,Projected,6.0,13.7,1.9,5.7,2.5,3.2,1.9,6.9,4.1,1.3,0.7,2.3,3.3,16.3,0.436,0.33,0.799,newtotr01,34.3
533,Trendon Watford,Projected,6.5,13.1,1.2,3.3,3.3,4.3,1.7,7.0,4.2,1.1,0.6,2.8,3.8,17.6,0.497,0.359,0.772,watfotr01,34.3
180,Jazian Gortman,Projected,6.2,13.6,2.2,5.9,2.3,3.1,1.4,5.8,4.0,1.3,0.7,2.3,3.4,16.9,0.458,0.372,0.73,gortmja01,34.3
197,Ron Harper Jr.,Projected,5.9,13.4,1.8,6.0,2.7,3.3,2.3,7.2,4.0,1.0,0.7,1.8,2.7,16.2,0.439,0.298,0.811,harpero02,34.2
298,E.J. Liddell,Projected,5.9,12.4,1.9,5.9,2.3,2.8,1.7,6.6,3.4,1.2,0.8,2.0,3.8,16.0,0.475,0.327,0.821,liddeej01,34.2
206,Scoot Henderson,Projected,6.2,14.6,2.1,5.8,3.3,4.2,1.1,4.3,6.9,1.3,0.3,3.6,3.6,17.8,0.423,0.358,0.794,hendesc01,34.1
64,Kobe Bufkin,Projected,6.1,14.3,1.7,5.9,2.5,3.5,1.5,6.4,4.6,1.1,0.8,2.0,2.9,16.3,0.426,0.285,0.732,bufkiko01,34.1
166,Marcus Garrett,Projected,5.9,13.0,1.8,5.0,2.2,2.8,1.3,5.4,4.6,1.3,0.8,2.3,3.3,15.7,0.451,0.366,0.775,garrema01,34.099999999999994
425,Jared Rhoden,Projected,6.0,12.4,1.8,5.4,2.5,3.0,1.6,6.3,2.8,1.2,0.8,1.5,3.3,16.2,0.482,0.34,0.829,rhodeja01,34.0
526,Keaton Wallace,Projected,5.1,12.0,2.0,5.8,1.2,1.4,0.8,4.4,5.4,1.8,0.7,2.3,2.8,13.4,0.423,0.34,0.875,wallake01,34.0
199,Tobias Harris,Projected,6.3,13.1,1.5,4.2,2.3,2.7,1.1,6.7,2.8,1.1,0.8,1.4,2.1,16.3,0.477,0.348,0.862,harrito02,34.0
205,Killian Hayes,Projected,4.8,11.5,1.3,3.9,1.7,2.2,0.7,4.4,7.1,1.4,0.7,2.2,3.0,12.5,0.418,0.324,0.765,hayeski01,34.0
530,P.J. Washington,Projected,6.0,13.3,2.0,5.6,2.3,3.2,1.5,7.6,2.6,1.2,1.1,2.0,2.7,16.2,0.449,0.354,0.718,washipj01,34.0
14,OG Anunoby,Projected,6.4,13.3,2.2,5.9,2.2,2.7,1.3,4.8,2.3,1.5,0.8,1.5,2.4,17.2,0.478,0.375,0.803,anunoog01,34.0
137,Kris Dunn,Projected,4.2,9.3,1.4,4.2,0.6,0.8,1.2,5.3,5.0,2.3,0.6,1.8,3.9,10.4,0.451,0.343,0.719,dunnkr01,33.99999999999999
280,Tyler Kolek,Projected,4.4,11.1,1.8,5.6,2.0,2.5,1.2,4.5,7.0,1.4,0.6,2.1,3.0,12.6,0.396,0.327,0.778,kolekty01,33.9
232,Jaden Ivey,Projected,7.1,15.8,2.2,5.9,3.7,4.9,1.5,4.8,5.0,1.0,0.5,3.2,3.1,20.1,0.451,0.374,0.752,iveyja01,33.9
157,Trentyn Flowers,Projected,6.3,13.5,1.8,5.1,2.8,3.4,1.7,6.6,3.5,1.1,0.6,2.0,3.0,17.2,0.468,0.349,0.826,flowetr01,33.89999999999999
287,Jock Landale,Projected,5.7,11.1,0.8,2.5,2.3,3.1,3.8,8.9,2.9,0.9,1.0,1.7,3.6,14.6,0.515,0.335,0.74,landajo01,33.800000000000004
88,Josh Christopher,Projected,6.5,14.4,1.4,4.9,2.4,3.1,1.1,5.1,3.8,1.6,0.9,2.5,2.4,16.8,0.453,0.291,0.755,chrisjo01,33.8
51,Christian Braun,Projected,6.1,10.9,1.3,3.2,2.3,2.9,1.4,5.9,2.8,1.1,0.6,1.1,2.5,15.7,0.554,0.397,0.794,braunch01,33.8
147,Keon Ellis,Projected,4.3,8.9,2.6,5.9,1.4,1.7,1.2,4.2,2.5,2.1,1.1,1.4,3.4,12.5,0.486,0.43,0.824,elliske01,33.7
106,Isaiah Crawford,Projected,5.8,12.3,1.8,5.2,2.4,3.2,1.5,6.6,3.3,1.1,0.9,1.8,2.5,15.8,0.473,0.342,0.727,crawfis01,33.7
2,Steven Adams,Projected,4.5,8.5,0.3,0.9,1.9,4.1,6.5,13.6,3.1,1.0,1.2,2.4,2.8,11.3,0.532,0.328,0.479,adamsst01,33.7
331,Jordan McLaughlin,Projected,4.2,9.1,2.1,5.1,1.5,2.0,1.0,4.2,5.9,1.7,0.3,1.6,2.0,11.9,0.456,0.412,0.769,mclaujo01,33.6
188,Quentin Grimes,Projected,6.2,13.6,2.8,7.5,2.4,3.2,1.0,5.3,3.6,1.3,0.4,2.1,2.5,17.7,0.459,0.381,0.765,grimequ01,33.6
353,Jonathan Mogbo,Projected,4.7,10.3,0.7,2.4,1.8,2.4,2.9,8.6,4.1,1.5,0.9,1.9,3.6,11.8,0.45,0.28,0.744,mogbojo01,33.6
496,Matisse Thybulle,Projected,3.9,8.9,2.0,5.4,0.8,1.2,1.1,4.4,2.5,2.8,1.1,1.2,2.3,10.5,0.435,0.371,0.669,thybuma01,33.6
212,Jrue Holiday,Projected,5.3,11.6,2.1,5.7,1.4,1.6,1.4,5.4,5.1,1.1,0.6,1.9,1.9,14.1,0.454,0.373,0.868,holidjr01,33.599999999999994
389,Elfrid Payton,Projected,3.6,9.8,0.5,1.7,0.8,1.2,1.2,5.8,9.7,1.6,0.8,3.7,2.6,8.6,0.372,0.321,0.712,paytoel01,33.50000000000001
136,David Duke Jr.,Projected,6.3,13.3,1.9,4.8,2.3,3.0,1.5,6.2,3.8,1.2,0.5,2.2,2.9,16.8,0.476,0.385,0.764,dukeda01,33.5
245,Daniss Jenkins,Projected,6.1,13.6,2.0,6.2,2.3,3.2,1.5,6.3,4.1,1.1,0.6,2.0,2.8,16.5,0.452,0.321,0.694,jenkida01,33.5
445,Dario Šarić,Projected,5.5,12.2,2.0,5.7,2.3,2.9,2.3,8.6,4.2,1.1,0.4,2.5,3.6,15.3,0.447,0.357,0.815,saricda01,33.5
209,Buddy Hield,Projected,6.3,14.8,3.7,9.9,1.1,1.3,1.0,5.0,3.1,1.3,0.5,1.8,2.6,17.4,0.425,0.376,0.831,hieldbu01,33.5
78,Wendell Carter Jr.,Projected,5.2,10.7,1.1,3.8,2.6,3.6,2.9,9.9,2.8,1.0,0.8,1.7,3.7,14.3,0.488,0.302,0.733,cartewe01,33.400000000000006
459,Reed Sheppard,Projected,5.1,13.1,2.6,7.3,1.1,1.4,1.1,4.9,4.2,1.8,0.9,2.0,2.8,13.9,0.388,0.354,0.805,sheppre01,33.400000000000006
17,Marcus Bagley,Projected,4.9,11.2,1.2,4.9,1.7,2.2,2.7,8.8,2.5,1.3,1.3,1.4,2.4,12.7,0.435,0.253,0.793,baglema02,33.4
408,Norman Powell,Projected,7.7,16.1,3.1,7.4,3.5,4.4,0.4,3.7,2.1,1.1,0.3,1.8,2.3,22.0,0.479,0.415,0.807,powelno01,33.4
125,Rob Dillingham,Projected,6.6,14.3,1.9,5.2,1.1,1.6,1.1,4.4,6.3,1.4,0.2,3.2,2.6,16.1,0.461,0.356,0.668,dilliro01,33.4
451,Brice Sensabaugh,Projected,6.8,14.6,3.6,8.6,1.9,2.1,1.1,5.7,3.0,1.1,0.3,2.6,2.7,18.9,0.462,0.414,0.884,sensabr01,33.4
432,Orlando Robinson,Projected,5.4,11.6,1.0,2.7,2.5,3.2,3.7,9.8,3.7,0.9,0.8,2.2,4.3,14.2,0.463,0.357,0.772,robinor01,33.3
1,Precious Achiuwa,Projected,5.3,10.6,0.6,2.0,1.6,2.5,3.4,10.0,2.0,1.2,1.3,1.6,2.8,12.8,0.501,0.292,0.637,achiupr01,33.3
119,JD Davison,Projected,5.7,13.0,1.9,5.9,2.3,3.1,1.4,6.3,4.8,1.4,0.7,3.0,2.2,15.5,0.437,0.321,0.762,davisjd01,33.3
293,Alex Len,Projected,4.0,7.7,0.5,1.6,1.4,2.3,3.3,8.9,3.7,0.9,1.9,2.1,4.9,9.9,0.517,0.305,0.607,lenal01,33.10000000000001
381,Josh Okogie,Projected,4.7,10.7,1.6,4.7,3.3,4.4,2.6,6.3,2.4,2.1,0.9,1.7,2.7,14.2,0.435,0.34,0.745,okogijo01,33.10000000000001
92,Jordan Clarkson,Projected,7.4,17.8,2.5,7.7,3.8,4.7,1.1,4.4,5.3,0.9,0.3,3.2,2.0,21.1,0.414,0.332,0.824,clarkjo01,33.1
456,Shaedon Sharpe,Projected,7.6,16.5,2.3,7.0,3.0,3.8,1.2,5.4,3.2,1.0,0.3,2.3,2.2,20.5,0.459,0.331,0.796,sharpsh01,33.1
524,Lonnie Walker IV,Projected,6.9,16.0,3.2,8.7,1.9,2.4,0.6,4.6,3.1,1.0,0.6,1.8,2.3,19.0,0.432,0.37,0.798,walkelo01,33.1
525,Cason Wallace,Projected,4.7,9.6,1.7,4.3,0.7,0.9,1.3,4.5,3.2,2.1,0.7,1.1,2.7,11.8,0.491,0.389,0.806,wallaca01,33.0
57,Keion Brooks Jr.,Projected,6.0,12.3,1.7,5.0,2.5,3.3,1.4,6.5,2.3,1.1,1.0,1.6,3.1,16.1,0.485,0.344,0.753,brookke02,33.0
242,Jaime Jaquez Jr.,Projected,5.8,12.1,1.1,3.4,2.7,3.4,1.9,6.5,4.0,1.5,0.4,2.2,2.4,15.4,0.481,0.327,0.782,jaqueja01,33.0
168,Keyonte George,Projected,6.1,15.1,2.9,8.2,3.8,4.6,0.5,4.4,6.3,0.8,0.2,3.1,1.8,19.0,0.406,0.352,0.832,georgke01,33.0
374,Zeke Nnaji,Projected,4.7,9.4,1.0,3.0,2.0,3.1,2.5,6.3,1.9,1.3,2.0,1.3,4.0,12.4,0.496,0.326,0.667,nnajize01,33.0
489,Daniel Theis,Projected,4.7,9.4,0.9,2.7,1.7,2.2,2.6,8.7,3.0,0.9,1.4,1.6,4.1,11.9,0.493,0.312,0.789,theisda01,33.0
348,Ajay Mitchell,Projected,5.8,11.6,1.6,4.0,2.0,2.4,1.2,4.7,4.0,1.5,0.4,1.8,3.7,15.0,0.498,0.386,0.819,mitchaj01,32.9
457,Jamal Shead,Projected,5.2,12.4,1.8,5.4,1.5,1.9,0.8,3.3,7.5,1.4,0.3,2.7,3.7,13.8,0.421,0.336,0.777,sheadja01,32.89999999999999
247,Isaiah Joe,Projected,5.8,12.9,4.0,9.7,1.2,1.5,0.9,4.6,2.7,1.1,0.3,1.0,2.4,16.9,0.451,0.415,0.826,joeis01,32.89999999999999
42,Bogdan Bogdanović,Projected,6.2,14.6,3.1,8.4,1.9,2.1,0.7,4.2,3.8,1.2,0.4,1.8,3.0,17.5,0.426,0.367,0.886,bogdabo01,32.800000000000004
513,Jarred Vanderbilt,Projected,4.3,8.4,0.7,2.3,1.6,2.5,3.3,10.2,2.9,1.9,0.5,1.8,3.5,10.8,0.508,0.317,0.652,vandeja01,32.8
53,Mikal Bridges,Projected,7.0,14.8,2.2,6.0,2.0,2.5,0.9,3.8,3.6,1.0,0.5,1.7,1.6,18.3,0.475,0.362,0.826,bridgmi01,32.8
311,Naji Marshall,Projected,6.2,12.6,1.3,4.2,2.4,3.0,1.4,6.3,3.8,1.3,0.3,2.0,2.2,16.0,0.491,0.308,0.804,marshna01,32.8
428,Zaccharie Risacher,Projected,7.1,15.0,2.4,6.6,2.2,3.0,1.7,5.5,2.0,1.1,0.7,1.8,2.8,18.9,0.475,0.37,0.73,risacza01,32.8
370,Aaron Nesmith,Projected,5.9,11.9,2.6,6.1,2.2,2.6,1.2,5.5,2.0,1.1,0.7,1.3,4.0,16.6,0.495,0.418,0.847,nesmiaa01,32.8
132,PJ Dozier,Projected,5.4,11.7,1.9,5.2,2.2,3.6,1.5,6.3,4.1,1.3,0.6,2.0,2.9,15.0,0.464,0.369,0.606,doziepj01,32.7
360,Monte Morris,Projected,5.2,12.0,1.9,5.2,1.9,2.3,0.8,4.6,5.1,1.2,0.4,1.3,1.6,14.2,0.438,0.368,0.818,morrimo01,32.7
493,Klay Thompson,Projected,7.1,16.9,4.0,10.3,1.6,1.7,0.7,4.4,2.7,0.9,0.5,1.8,1.8,19.7,0.417,0.385,0.897,thompkl01,32.7
97,Isaiah Collier,Projected,4.8,11.0,0.9,3.5,2.2,3.1,0.7,4.9,8.6,1.3,0.4,3.8,2.8,12.8,0.44,0.274,0.703,colliis01,32.7
500,Jacob Toppin,Projected,5.6,12.1,2.1,5.2,1.8,2.2,1.7,6.8,3.6,1.1,0.5,1.8,2.4,15.1,0.464,0.398,0.798,toppija01,32.7
207,Taylor Hendricks,Projected,4.8,10.7,2.1,5.7,1.4,1.8,1.9,7.6,2.0,1.3,1.2,1.3,3.1,13.1,0.448,0.372,0.791,hendrta01,32.699999999999996
221,Kevin Huerter,Projected,5.8,13.1,2.9,8.1,1.0,1.3,0.8,4.7,3.5,1.3,0.5,1.4,2.8,15.4,0.442,0.354,0.74,huertke01,32.6
286,Kyle Kuzma,Projected,7.8,17.5,2.1,6.4,2.6,3.7,1.0,7.0,3.5,0.7,0.5,2.8,2.3,20.3,0.447,0.321,0.693,kuzmaky01,32.6
260,Isaac Jones,Projected,6.4,11.1,1.0,2.6,2.7,3.9,2.3,6.8,2.3,0.8,1.0,2.0,3.2,16.5,0.578,0.37,0.686,jonesis01,32.6
256,Colby Jones,Projected,4.8,10.4,1.2,3.9,1.8,2.6,1.8,6.5,3.4,1.7,0.9,1.7,2.9,12.6,0.46,0.316,0.688,jonesco02,32.5
76,Devin Carter,Projected,4.9,12.0,1.8,5.5,2.5,3.8,1.7,6.9,3.9,1.7,0.5,1.7,3.3,14.1,0.412,0.323,0.648,cartede02,32.5
158,Malachi Flynn,Projected,5.5,13.1,2.2,6.4,2.2,2.9,1.1,5.1,4.8,1.5,0.4,2.3,2.9,15.4,0.423,0.34,0.759,flynnma01,32.5
217,Al Horford,Projected,4.3,9.7,2.4,6.3,0.7,0.8,1.6,7.8,3.1,0.8,1.1,1.0,2.0,11.7,0.443,0.375,0.85,horfoal01,32.5
272,Luke Kennard,Projected,5.1,10.9,3.0,6.9,1.4,1.5,0.8,4.5,4.8,1.1,0.2,1.8,1.6,14.6,0.471,0.438,0.881,kennalu01,32.49999999999999
535,Peyton Watson,Projected,4.8,10.0,1.1,3.3,2.0,2.9,1.2,5.6,2.2,1.1,2.0,1.3,2.8,12.8,0.483,0.346,0.7,watsope01,32.400000000000006
449,Dennis Schröder,Projected,5.7,13.7,2.0,5.8,3.0,3.5,0.5,3.5,6.6,1.0,0.2,2.3,2.8,16.3,0.415,0.348,0.835,schrode01,32.400000000000006
46,Brandon Boston Jr.,Projected,6.3,14.2,1.8,5.1,2.5,3.2,1.2,5.2,3.2,1.7,0.4,2.0,2.8,16.9,0.442,0.349,0.779,bostobr01,32.400000000000006
281,Christian Koloko,Projected,4.6,8.6,0.5,1.7,1.6,2.2,3.2,8.6,2.2,1.0,1.6,1.4,4.3,11.3,0.536,0.301,0.723,kolokch01,32.4
152,Dante Exum,Projected,5.7,11.5,1.9,4.4,2.0,2.7,0.8,4.6,5.1,0.9,0.3,1.9,3.0,15.5,0.499,0.442,0.764,exumda01,32.4
437,Terry Rozier,Projected,6.5,15.6,2.3,7.0,2.4,2.9,0.9,4.8,4.6,1.0,0.3,1.8,1.8,17.6,0.413,0.322,0.847,roziete01,32.4
553,Kenrich Williams,Projected,5.2,11.0,2.0,5.2,0.8,1.2,2.1,7.4,3.2,1.3,0.4,1.3,3.5,13.3,0.478,0.383,0.681,willike04,32.3
522,Jabari Walker,Projected,5.5,11.1,1.2,3.4,2.6,3.5,2.9,10.2,1.9,1.2,0.4,1.5,3.7,14.7,0.491,0.352,0.739,walkeja01,32.3
413,Trevelin Queen,Projected,4.8,12.1,1.7,5.9,1.8,2.2,1.9,5.1,3.5,2.1,0.9,1.9,3.1,13.2,0.4,0.291,0.818,queentr01,32.3
224,De'Andre Hunter,Projected,7.0,15.0,2.8,7.1,3.9,4.7,0.9,5.2,2.0,0.9,0.3,1.7,3.2,20.7,0.466,0.394,0.842,huntede01,32.3
295,Malevy Leons,Projected,5.6,12.2,1.8,5.2,2.6,3.7,1.7,6.5,3.7,1.1,0.7,2.1,3.2,15.6,0.457,0.35,0.724,leonsma01,32.2
240,Bronny James,Projected,5.3,13.2,2.0,5.9,2.4,3.0,1.2,5.2,4.3,1.6,0.7,2.3,2.6,15.0,0.4,0.329,0.792,jamesbr02,32.2
284,Vit Krejci,Projected,4.5,9.2,2.6,6.0,1.0,1.4,0.8,4.9,4.3,1.1,0.7,1.6,3.2,12.7,0.496,0.43,0.736,krejcvi01,32.2
378,Royce O'Neale,Projected,4.4,10.7,3.1,8.0,0.5,0.7,1.1,6.7,3.6,1.2,0.7,1.4,3.1,12.4,0.411,0.389,0.725,onealro01,32.1
478,Lamar Stevens,Projected,6.1,13.4,1.3,4.1,2.2,2.9,1.7,7.6,2.1,1.2,0.9,1.6,2.9,15.7,0.457,0.32,0.758,stevela01,32.1
476,Jaden Springer,Projected,4.4,10.4,1.2,4.4,2.6,3.4,1.9,6.0,3.4,2.2,0.7,1.9,4.0,12.7,0.426,0.278,0.767,sprinja01,32.1
130,Ayo Dosunmu,Projected,5.7,11.5,1.7,4.7,1.5,1.9,0.8,4.0,4.6,1.1,0.5,1.7,2.7,14.7,0.498,0.361,0.798,dosunay01,32.099999999999994
288,Jake LaRavia,Projected,4.7,10.2,1.8,4.6,2.5,3.4,2.3,6.7,3.8,1.5,0.6,2.2,3.3,13.7,0.457,0.395,0.737,laravja01,32.099999999999994
291,A.J. Lawson,Projected,6.2,13.9,2.2,6.8,2.8,4.0,1.6,6.4,2.6,1.1,0.5,1.4,3.0,17.3,0.443,0.329,0.693,lawsoaj01,32.0
564,Guerschon Yabusele,Projected,5.4,10.9,2.0,5.2,1.9,2.7,2.5,7.4,2.9,1.1,0.5,1.7,3.1,14.7,0.495,0.376,0.727,yabusgu01,32.0
332,Jack McVeigh,Projected,5.8,13.5,2.3,6.7,2.0,2.6,1.7,6.1,3.3,1.0,0.9,2.0,2.7,15.9,0.429,0.342,0.78,mcveija01,32.0
355,Moses Moody,Projected,5.7,12.5,2.6,6.9,2.3,2.9,1.4,4.9,2.2,1.3,0.7,1.3,2.6,16.3,0.454,0.379,0.796,moodymo01,31.900000000000006
282,John Konchar,Projected,3.2,7.1,1.4,4.1,0.8,1.0,2.1,8.3,3.0,1.7,1.1,1.3,2.4,8.5,0.441,0.345,0.816,konchjo01,31.9
196,Elijah Harkless,Projected,4.8,11.4,2.0,6.0,1.8,2.5,2.0,6.2,3.2,1.9,0.5,1.5,3.6,13.2,0.418,0.326,0.704,harklej01,31.9
503,Armel Traoré,Projected,5.5,12.4,1.5,5.0,2.1,3.4,1.5,7.1,3.0,1.5,0.8,1.9,2.8,14.6,0.441,0.292,0.632,armeltr01,31.9
321,Miles McBride,Projected,5.2,12.3,2.6,6.9,1.3,1.6,1.0,3.6,3.9,1.5,0.4,1.0,2.6,14.4,0.426,0.382,0.813,mcbrimi01,31.800000000000004
557,Vince Williams Jr.,Projected,4.7,10.9,2.0,5.9,2.2,2.7,1.6,7.2,4.2,1.1,0.7,2.3,3.2,13.6,0.436,0.334,0.8,willivi01,31.800000000000004
552,Jeenathan Williams,Projected,6.7,14.0,1.5,5.0,1.9,2.7,1.8,5.2,2.9,1.5,0.7,2.4,3.2,16.7,0.478,0.305,0.689,willije02,31.8
444,Gui Santos,Projected,4.5,9.4,1.7,5.0,1.7,2.3,3.2,8.1,3.8,1.2,0.5,1.9,4.0,12.4,0.476,0.349,0.752,santogu01,31.799999999999997
271,Kylor Kelley,Projected,5.3,10.3,1.2,3.2,2.2,3.1,2.4,8.5,2.9,0.8,0.8,1.7,3.4,13.9,0.512,0.361,0.708,kelleky01,31.799999999999997
259,Herbert Jones,Projected,4.6,9.6,1.5,4.1,2.1,2.5,1.3,4.5,3.3,1.8,0.8,1.6,3.5,12.7,0.476,0.375,0.832,joneshe01,31.7
386,Kelly Oubre Jr.,Projected,6.4,14.1,1.5,5.0,2.7,3.6,1.6,6.2,1.9,1.5,0.6,1.5,3.2,17.0,0.455,0.304,0.751,oubreke01,31.7
253,Keon Johnson,Projected,5.8,14.4,2.4,7.3,2.2,2.8,1.2,5.7,3.4,1.5,0.6,2.2,3.7,16.2,0.404,0.328,0.778,johnske07,31.699999999999996
468,Jabari Smith Jr.,Projected,5.5,12.2,2.1,5.7,2.3,2.8,2.1,8.8,1.6,0.7,0.9,1.3,2.7,15.4,0.453,0.363,0.821,smithja05,31.6
540,Phillip Wheeler,Projected,5.5,14.1,1.6,6.1,2.4,2.9,1.7,6.7,3.5,1.2,0.9,1.8,2.3,15.1,0.394,0.268,0.812,wheelph02,31.6
327,Jaden McDaniels,Projected,5.5,11.3,1.5,4.2,1.4,1.8,1.5,5.7,2.2,1.4,1.0,1.4,3.3,13.9,0.489,0.345,0.788,mcdanja02,31.6
391,Drew Peterson,Projected,4.8,10.4,2.4,6.1,1.9,2.4,1.7,7.1,3.2,1.2,0.5,1.8,3.1,13.8,0.457,0.392,0.782,peterdr01,31.599999999999998
510,Jaylon Tyson,Projected,5.5,12.2,1.7,4.8,1.8,2.3,2.6,7.5,3.7,1.1,0.4,2.0,3.6,14.6,0.45,0.359,0.794,tysonja01,31.500000000000007
52,Jalen Bridges,Projected,5.7,12.5,2.1,6.0,2.7,3.5,1.4,6.4,3.4,1.1,0.6,2.5,2.3,16.3,0.457,0.351,0.779,bridgja01,31.500000000000004
135,Alex Ducas,Projected,5.1,11.3,2.4,5.8,1.7,2.1,2.1,7.1,2.9,1.3,0.4,1.7,3.0,14.3,0.451,0.418,0.809,ducasal01,31.5
31,Emoni Bates,Projected,5.9,14.4,3.0,8.3,1.5,2.0,1.0,5.3,3.8,0.8,0.7,1.8,2.2,16.3,0.41,0.362,0.729,batesem01,31.5
454,Terrence Shannon Jr.,Projected,6.0,12.5,1.5,4.0,2.1,2.6,1.3,5.6,3.6,0.9,0.6,1.7,2.8,15.6,0.483,0.362,0.802,shannte01,31.5
163,Johnny Furphy,Projected,4.3,10.1,1.7,5.0,2.0,2.5,2.1,6.9,2.5,1.6,1.0,1.4,3.5,12.3,0.429,0.333,0.811,furphjo01,31.5
83,Julian Champagnie,Projected,5.0,11.8,3.1,8.2,1.7,2.0,1.2,5.8,2.3,1.2,0.8,1.4,2.1,14.9,0.426,0.377,0.87,champju02,31.5
369,Andrew Nembhard,Projected,5.1,10.8,1.2,3.7,1.7,2.1,0.7,3.9,6.1,1.4,0.2,2.1,2.9,13.0,0.472,0.324,0.797,nembhan01,31.5
234,GG Jackson II,Projected,6.7,15.6,2.7,7.6,2.9,3.9,1.8,6.6,2.3,0.9,0.6,2.1,2.1,19.0,0.426,0.363,0.758,jacksgg01,31.5
40,Bismack Biyombo,Projected,4.4,8.0,0.3,0.7,1.1,2.3,2.8,9.7,2.5,0.9,1.7,1.9,3.8,10.2,0.55,0.36,0.489,biyombi01,31.4
318,Bennedict Mathurin,Projected,6.8,14.6,1.7,4.9,4.7,5.6,1.5,6.2,2.5,0.8,0.4,2.2,2.7,20.0,0.463,0.356,0.833,mathube01,31.4
124,Ousmane Dieng,Projected,5.2,11.6,2.0,6.2,1.4,1.8,1.5,6.7,3.3,1.2,0.6,1.7,2.6,13.9,0.449,0.329,0.762,diengou01,31.4
113,Pacome Dadiet,Projected,5.2,11.9,2.1,5.8,2.1,2.8,1.4,6.5,3.1,1.2,0.7,1.7,2.5,14.5,0.434,0.356,0.76,dadiepa01,31.300000000000004
498,Drew Timme,Projected,6.4,14.0,1.6,5.2,1.9,2.7,2.1,8.3,3.3,0.8,0.4,2.1,2.9,16.2,0.457,0.306,0.704,timmedr01,31.3
497,Xavier Tillman Sr.,Projected,4.5,10.1,0.8,3.3,1.1,2.0,2.4,7.7,2.7,1.7,1.2,1.6,2.8,10.9,0.441,0.248,0.58,tillmxa01,31.200000000000003
195,Jaden Hardy,Projected,7.2,16.4,3.0,7.7,2.4,3.3,0.6,4.3,3.6,1.0,0.3,2.7,3.2,19.8,0.439,0.387,0.744,hardyja02,31.200000000000003
341,Dariq Whitehead,Projected,6.0,13.5,3.7,8.6,1.3,1.8,1.0,5.4,2.8,1.0,0.4,2.0,2.9,16.9,0.44,0.431,0.734,whiteda01,31.2
89,Sidy Cissoko,Projected,5.3,11.1,1.3,4.5,2.2,3.3,2.1,6.6,4.0,1.2,0.6,2.2,3.2,14.0,0.476,0.298,0.67,cissosi01,31.1
126,Spencer Dinwiddie,Projected,4.8,11.6,2.0,5.8,3.1,3.9,0.4,3.6,5.9,1.0,0.3,1.7,2.2,14.7,0.412,0.337,0.801,dinwisp01,31.1
8,Grayson Allen,Projected,5.0,10.8,3.1,7.2,2.0,2.4,0.8,4.5,3.2,1.1,0.5,1.6,2.3,15.1,0.464,0.431,0.84,allengr01,31.1
146,Kessler Edwards,Projected,4.4,9.3,1.6,4.2,1.0,1.3,1.4,6.6,2.7,1.2,1.0,1.1,3.4,11.6,0.476,0.389,0.804,edwarke02,31.0
393,Jalen Pickett,Projected,4.6,10.4,2.2,5.6,0.8,1.0,0.9,4.4,5.5,1.1,0.3,1.5,2.3,12.2,0.441,0.39,0.769,pickeja02,31.0
213,Ron Holland,Projected,5.9,12.0,1.2,4.4,2.7,3.5,1.2,6.4,2.6,1.4,0.5,2.0,3.7,15.6,0.489,0.269,0.769,hollaro01,31.0
563,Delon Wright,Projected,3.5,8.8,1.3,4.0,1.4,1.9,1.4,4.4,4.8,2.1,0.6,1.2,1.7,9.6,0.395,0.314,0.74,wrighde01,31.0
313,Cody Martin,Projected,4.3,10.4,1.4,4.6,1.4,1.9,1.5,6.5,3.7,1.6,0.9,1.7,2.8,11.3,0.415,0.297,0.697,martico01,30.900000000000002
90,Jaylen Clark,Projected,4.5,9.5,1.7,4.0,2.2,2.7,1.8,4.4,2.4,2.2,0.3,0.9,3.8,12.8,0.475,0.416,0.788,clarkja02,30.900000000000002
79,D.J. Carton,Projected,5.3,12.0,1.6,5.0,2.5,3.1,1.4,6.1,3.8,1.3,0.6,2.3,2.5,14.6,0.439,0.324,0.8,cartodj01,30.9
138,Ryan Dunn,Projected,5.4,12.3,2.1,6.6,0.7,1.2,2.3,6.9,1.8,1.2,1.0,1.1,3.9,13.7,0.444,0.324,0.577,dunnry01,30.9
364,Keegan Murray,Projected,5.5,12.1,2.4,6.5,1.1,1.3,1.8,6.6,1.7,0.9,0.9,0.9,2.6,14.4,0.455,0.361,0.826,murrake02,30.9
481,Max Strus,Projected,4.9,11.4,2.9,8.0,1.1,1.4,1.2,5.6,4.2,0.9,0.4,1.6,2.8,13.8,0.429,0.366,0.812,strusma01,30.800000000000004
511,Stanley Umude,Projected,4.7,11.5,2.1,5.9,2.5,3.1,1.4,6.5,2.5,1.1,1.2,1.7,3.6,14.1,0.409,0.365,0.811,umudest01,30.800000000000004
562,Isaiah Wong,Projected,5.9,13.9,1.9,4.9,3.1,4.1,1.8,5.2,3.9,1.4,0.3,2.3,2.8,16.8,0.424,0.381,0.754,wongis01,30.799999999999997
41,Anthony Black,Projected,4.9,11.0,1.3,3.6,2.6,3.5,1.1,4.6,4.3,1.5,0.9,2.4,3.1,13.6,0.444,0.347,0.748,blackan01,30.799999999999997
528,Ja'Kobe Walter,Projected,5.5,12.8,2.2,6.0,2.3,2.8,1.9,5.6,2.9,1.4,0.4,1.6,3.0,15.4,0.427,0.364,0.802,walteja01,30.700000000000003
251,James Johnson,Projected,5.3,12.1,1.3,4.5,1.9,2.6,1.2,6.0,4.0,1.2,1.0,2.5,4.0,13.8,0.436,0.294,0.723,johnsja01,30.7
36,Malik Beasley,Projected,6.4,15.0,4.3,10.6,1.2,1.7,0.7,4.0,2.1,1.1,0.1,1.2,2.1,18.4,0.43,0.408,0.695,beaslma01,30.6
416,Lester Quiñones,Projected,5.9,13.8,2.5,7.4,2.2,2.9,1.5,5.7,4.0,0.8,0.4,2.1,3.4,16.5,0.425,0.343,0.773,quinole01,30.6
301,Chris Livingston,Projected,5.0,11.3,1.1,4.0,2.9,3.8,2.2,8.8,3.0,1.3,0.4,2.0,3.1,14.1,0.448,0.28,0.773,livinch01,30.6
407,Dwight Powell,Projected,3.6,5.7,0.3,0.8,2.3,3.4,3.3,7.9,3.3,1.1,1.0,1.4,4.7,9.8,0.629,0.353,0.683,poweldw01,30.6
169,Kyshawn George,Projected,4.3,11.0,2.3,6.9,1.5,2.0,1.1,5.9,3.5,1.4,1.0,1.9,3.8,12.5,0.393,0.335,0.766,georgky01,30.599999999999998
411,Olivier-Maxence Prosper,Projected,4.8,11.2,1.1,3.8,3.0,4.4,2.6,7.8,2.8,1.4,0.5,1.1,2.0,13.6,0.423,0.288,0.678,prospol01,30.5
464,Jaylen Sims,Projected,5.3,11.6,2.0,5.3,3.1,3.9,1.4,4.7,3.9,1.1,0.6,2.3,2.9,15.6,0.457,0.377,0.791,simsja01,30.5
558,Ziaire Williams,Projected,5.2,12.4,2.3,6.8,2.3,2.8,1.4,6.6,2.3,1.4,0.6,1.8,3.3,15.1,0.421,0.339,0.823,willizi02,30.5
376,Jaylen Nowell,Projected,6.6,15.3,1.7,5.8,2.0,2.6,1.2,5.0,3.8,0.9,0.5,1.8,2.6,16.9,0.431,0.3,0.75,nowelja01,30.499999999999993
211,Aaron Holiday,Projected,5.3,11.9,2.7,6.8,1.6,1.9,0.7,3.8,3.9,1.1,0.4,1.6,3.2,14.9,0.441,0.391,0.852,holidaa01,30.400000000000006
48,Jamaree Bouyea,Projected,5.2,11.2,1.4,4.4,2.0,2.7,1.3,5.8,4.3,1.3,0.7,2.8,2.6,13.7,0.46,0.31,0.748,bouyeja01,30.400000000000002
279,Kevin Knox,Projected,6.1,12.8,2.1,6.1,1.9,2.3,1.5,6.0,2.1,0.9,0.7,1.7,3.1,16.1,0.474,0.338,0.807,knoxke01,30.4
181,Jerami Grant,Projected,6.1,14.7,2.4,6.3,3.9,4.7,0.7,4.0,2.6,0.9,0.9,1.8,2.5,18.5,0.415,0.376,0.828,grantje01,30.4
223,Ariel Hukporti,Projected,4.8,8.7,0.9,2.4,1.7,2.6,2.1,7.8,2.8,0.6,1.8,2.8,4.1,12.1,0.548,0.37,0.641,hukpoar01,30.4
190,Rui Hachimura,Projected,6.2,12.1,1.9,4.7,1.8,2.4,1.4,5.9,1.7,0.8,0.5,1.0,2.0,16.2,0.515,0.408,0.76,hachiru01,30.3
334,Sam Merrill,Projected,4.8,11.7,3.7,9.8,0.9,1.0,1.0,4.2,3.1,1.2,0.3,0.9,3.0,14.2,0.409,0.38,0.909,merrisa01,30.3
448,Baylor Scheierman,Projected,4.5,11.2,2.3,7.0,1.4,1.8,1.8,6.3,3.4,1.5,0.4,1.4,2.3,12.7,0.401,0.333,0.771,scheiba01,30.3
71,Toumani Camara,Projected,4.6,10.0,1.8,4.7,1.4,1.9,2.5,6.6,2.4,1.6,0.7,1.6,3.3,12.4,0.463,0.373,0.742,camarto01,30.299999999999997
433,Jeremiah Robinson-Earl,Projected,4.9,10.5,1.7,4.8,1.5,1.8,3.0,8.8,2.6,1.1,0.3,1.5,2.4,12.9,0.464,0.347,0.821,robinje02,30.200000000000003
278,Dalton Knecht,Projected,6.3,13.4,3.0,7.9,1.7,2.2,1.0,5.4,1.9,0.7,0.3,1.0,2.3,17.3,0.47,0.383,0.77,knechda01,30.2
269,Johnny Juzang,Projected,5.8,13.2,3.2,8.4,1.4,1.7,1.2,5.3,2.2,1.0,0.3,1.1,3.3,16.2,0.442,0.382,0.824,juzanjo01,30.2
65,Alec Burks,Projected,5.5,13.7,3.4,8.7,2.9,3.5,0.7,5.0,2.7,1.0,0.3,1.4,2.1,17.3,0.401,0.396,0.822,burksal01,30.2
488,Dalen Terry,Projected,4.5,9.9,1.3,4.0,1.8,2.6,1.5,5.2,3.8,1.6,0.7,1.8,4.0,12.2,0.459,0.336,0.702,terryda01,30.199999999999996
77,Jevon Carter,Projected,5.4,13.5,2.9,8.4,0.8,1.0,0.6,3.7,3.8,1.3,0.5,1.4,2.5,14.4,0.396,0.349,0.768,carteje01,30.1
69,Jamal Cain,Projected,5.2,11.6,1.8,5.3,2.5,3.5,1.9,6.2,2.0,1.5,0.7,1.6,3.1,14.7,0.449,0.341,0.722,cainja01,30.1
429,Liam Robbins,Projected,5.0,11.2,1.5,4.5,2.7,4.0,2.4,6.9,3.3,1.2,0.9,2.5,3.5,14.2,0.446,0.338,0.671,robbili01,30.1
185,Javonte Green,Projected,4.1,9.0,1.4,4.1,1.7,2.3,1.8,6.5,1.8,1.8,0.9,1.1,2.9,11.2,0.453,0.332,0.728,greenja02,29.900000000000002
357,Wendell Moore Jr.,Projected,4.8,10.1,1.2,3.6,1.5,1.9,1.9,6.7,3.3,1.5,0.5,2.0,2.4,12.3,0.476,0.332,0.808,moorewe01,29.900000000000002
486,Terry Taylor,Projected,5.3,10.9,1.2,3.7,1.8,2.3,2.5,6.7,3.1,1.0,0.6,1.7,3.0,13.6,0.487,0.337,0.766,taylote01,29.9
538,Blake Wesley,Projected,4.5,10.0,0.9,3.0,2.1,3.2,0.9,4.0,6.1,1.6,0.4,2.6,2.9,12.1,0.453,0.307,0.665,weslebl01,29.9
58,Bruce Brown,Projected,5.3,11.8,1.2,3.5,2.1,2.6,1.3,5.8,3.6,1.2,0.5,1.7,2.8,14.0,0.455,0.337,0.807,brownbr01,29.9
314,Jaylen Martin,Projected,5.4,12.0,1.5,4.3,1.9,2.3,1.7,6.8,3.2,1.3,0.3,1.9,2.3,14.2,0.453,0.345,0.835,martija02,29.9
257,Derrick Jones Jr.,Projected,5.6,10.9,1.6,4.4,1.8,2.5,1.8,5.2,1.4,1.4,0.8,1.3,2.8,14.5,0.51,0.352,0.715,jonesde02,29.9
103,Bilal Coulibaly,Projected,4.8,10.9,1.3,4.1,2.4,3.3,1.6,5.6,3.4,1.4,0.9,2.1,2.6,13.3,0.442,0.316,0.748,coulibi01,29.800000000000004
145,Justin Edwards,Projected,5.6,11.9,2.2,5.8,1.2,1.7,1.5,5.0,2.4,1.4,0.5,1.6,2.9,14.6,0.469,0.374,0.725,edwarju01,29.799999999999997
202,Sam Hauser,Projected,5.1,11.3,3.8,9.2,0.4,0.5,1.0,5.5,1.7,0.9,0.4,0.7,2.1,14.5,0.451,0.417,0.862,hausesa01,29.799999999999997
238,Reggie Jackson,Projected,5.9,14.1,2.1,6.0,1.4,1.8,0.7,3.6,5.2,1.0,0.3,2.1,3.0,15.3,0.417,0.343,0.811,jacksre01,29.700000000000003
423,Antonio Reeves,Projected,6.2,13.5,2.7,6.7,1.7,2.2,1.1,4.1,2.5,1.2,0.3,1.7,2.3,16.9,0.464,0.395,0.798,reevean01,29.699999999999996
7,Nickeil Alexander-Walker,Projected,4.7,10.7,2.4,6.3,1.5,1.9,0.9,4.3,3.9,1.0,0.7,1.7,2.5,13.4,0.443,0.385,0.778,alexani01,29.6
368,Pete Nance,Projected,5.0,10.9,2.2,5.7,1.5,2.0,1.4,6.1,3.2,0.9,0.6,1.6,3.4,13.5,0.454,0.379,0.71,nancepe01,29.6
306,Trey Lyles,Projected,4.5,10.4,2.3,6.5,1.7,2.4,2.0,8.2,2.3,0.9,0.6,1.2,2.5,13.0,0.433,0.353,0.722,lylestr01,29.599999999999998
263,Spencer Jones,Projected,5.0,11.8,1.3,5.3,1.8,2.2,2.0,6.0,2.9,1.3,1.0,1.8,3.6,13.1,0.424,0.247,0.822,jonessp01,29.599999999999994
505,Gary Trent Jr.,Projected,5.9,13.7,3.2,8.0,1.6,2.0,0.5,3.4,1.9,1.4,0.2,0.9,2.1,16.8,0.433,0.404,0.822,trentga02,29.5
494,Tristan Thompson,Projected,4.5,9.0,0.4,1.3,1.2,3.3,3.5,11.6,3.1,0.6,1.0,1.8,3.7,10.6,0.495,0.313,0.364,thomptr01,29.5
129,Luguentz Dort,Projected,4.7,10.8,2.7,6.8,1.4,1.8,1.5,5.1,2.1,1.3,0.7,1.1,3.6,13.5,0.436,0.401,0.785,dortlu01,29.5
151,Tosan Evbuomwan,Projected,5.1,11.2,1.4,4.2,2.7,3.6,1.7,6.5,2.9,1.2,0.6,1.9,2.8,14.3,0.452,0.338,0.755,evbuoto01,29.5
32,Jamison Battle,Projected,5.4,12.1,3.5,8.5,0.8,1.0,1.4,5.7,2.2,0.7,0.4,1.1,3.1,15.1,0.443,0.409,0.844,battlja01,29.400000000000006
104,Ricky Council IV,Projected,5.5,13.3,1.6,5.8,3.8,4.7,1.5,6.3,2.9,1.0,0.4,1.5,2.0,16.3,0.409,0.283,0.797,councri01,29.400000000000002
82,Colin Castleton,Projected,4.6,9.6,0.7,2.4,2.5,3.2,3.7,9.2,2.8,0.8,0.8,1.9,3.9,12.4,0.479,0.275,0.785,castlco01,29.4
532,Lindy Waters III,Projected,4.8,12.0,3.1,8.6,0.7,0.9,1.0,5.3,2.7,1.1,0.6,1.1,2.9,13.5,0.4,0.361,0.772,waterli01,29.3
75,Bub Carrington,Projected,4.7,11.0,2.1,5.9,1.1,1.4,0.6,5.3,5.4,0.8,0.3,2.0,2.7,12.5,0.422,0.355,0.817,carrica01,29.2
6,Trey Alexander,Projected,5.4,13.0,1.6,5.4,1.9,2.4,1.1,5.5,3.8,1.0,0.6,1.8,2.8,14.4,0.419,0.298,0.783,alexatr01,29.2
95,Noah Clowney,Projected,5.0,12.3,2.7,7.8,2.4,2.9,1.7,6.7,1.8,0.9,0.9,1.6,3.3,15.0,0.403,0.35,0.819,clownno01,29.2
105,Torrey Craig,Projected,4.2,9.8,2.1,5.7,1.0,1.4,2.5,7.5,2.2,1.0,1.0,1.3,3.6,11.6,0.435,0.374,0.729,craigto01,29.199999999999996
226,Oso Ighodaro,Projected,4.3,7.4,0.3,0.8,1.2,1.9,2.2,7.7,2.7,1.0,1.0,1.4,3.3,10.1,0.58,0.345,0.635,ighodos01,29.199999999999996
487,Garrett Temple,Projected,4.0,10.8,1.4,5.0,2.0,2.4,1.6,5.3,4.1,1.9,0.5,1.8,3.4,11.5,0.373,0.287,0.827,templga01,29.199999999999996
430,Duncan Robinson,Projected,5.8,13.1,3.6,9.3,1.2,1.4,0.4,3.5,3.5,0.8,0.2,1.8,2.9,16.3,0.438,0.388,0.874,robindu01,29.1
484,Jae'Sean Tate,Projected,4.4,9.4,1.0,3.1,1.7,2.4,2.5,6.9,2.9,1.5,0.5,1.5,4.7,11.6,0.471,0.329,0.698,tateja01,29.0
366,Svi Mykhailiuk,Projected,5.6,13.7,3.2,8.9,1.4,1.8,1.1,4.6,3.6,1.0,0.3,2.1,2.1,15.8,0.408,0.359,0.772,mykhasv01,28.900000000000002
292,Damion Lee,Projected,5.7,13.5,2.3,6.6,3.0,3.4,1.1,5.6,2.9,1.0,0.3,2.1,2.5,16.7,0.419,0.348,0.885,leeda03,28.9
555,Patrick Williams,Projected,4.9,11.5,2.1,5.5,1.5,2.0,1.2,5.5,2.6,1.2,0.9,1.8,2.2,13.4,0.428,0.376,0.764,willipa01,28.800000000000004
343,Shake Milton,Projected,5.2,11.5,1.5,4.3,2.2,2.7,1.2,4.7,4.4,1.0,0.3,1.9,3.0,14.0,0.449,0.348,0.807,miltosh01,28.8
373,Daishen Nix,Projected,4.8,11.4,1.9,5.7,2.0,2.7,1.1,5.3,4.7,1.3,0.5,3.0,2.5,13.5,0.423,0.331,0.713,nixda01,28.8
316,Tyrese Martin,Projected,5.3,12.8,2.6,7.4,1.4,1.8,1.6,6.1,3.4,1.0,0.3,2.0,2.2,14.7,0.417,0.355,0.795,martity01,28.799999999999997
244,Trey Jemison,Projected,4.6,8.7,0.4,1.1,1.5,2.6,3.6,8.7,2.1,0.9,1.4,2.1,4.9,11.1,0.532,0.366,0.586,jemistr01,28.799999999999997
305,Kyle Lowry,Projected,3.3,8.3,1.9,5.4,1.6,2.0,0.8,4.2,5.2,1.4,0.5,1.7,3.2,10.1,0.401,0.352,0.822,lowryky01,28.700000000000003
427,Josh Richardson,Projected,5.0,11.7,2.1,6.1,1.7,1.9,0.9,4.2,3.5,1.2,0.5,1.6,2.8,13.7,0.426,0.342,0.885,richajo01,28.700000000000003
339,Jordan Miller,Projected,5.4,12.0,1.1,3.9,2.5,3.1,1.9,5.5,3.2,1.4,0.5,2.2,2.4,14.3,0.45,0.278,0.801,millejo02,28.700000000000003
275,Corey Kispert,Projected,6.1,12.8,2.9,7.5,1.8,2.3,0.7,4.1,2.5,0.7,0.3,1.5,2.2,16.8,0.473,0.38,0.799,kispeco01,28.7
60,Kobe Brown,Projected,4.6,10.1,1.3,4.2,1.0,1.3,2.1,7.2,3.1,1.1,0.6,1.5,3.4,11.4,0.454,0.297,0.752,brownko01,28.699999999999996
50,Malaki Branham,Projected,6.6,14.5,2.3,6.2,1.7,2.0,0.7,4.1,3.5,0.8,0.2,2.2,2.3,17.2,0.456,0.37,0.838,branhma01,28.6
531,TyTy Washington Jr.,Projected,5.3,13.3,1.6,5.8,1.6,2.3,1.2,5.1,4.2,1.2,0.3,1.5,2.1,13.8,0.396,0.282,0.691,washity02,28.5
289,Pelle Larsson,Projected,4.5,10.0,1.6,4.6,2.0,2.9,1.4,4.7,3.2,1.5,0.4,1.3,3.9,12.7,0.453,0.349,0.7,larsspe01,28.5
308,Terance Mann,Projected,5.2,10.3,1.5,4.1,1.4,1.9,1.7,5.1,2.9,1.0,0.4,1.2,3.0,13.3,0.502,0.362,0.755,mannte01,28.5
434,David Roddy,Projected,5.3,12.0,1.7,5.3,1.7,2.3,1.5,6.7,2.7,1.0,0.6,1.8,2.2,13.9,0.439,0.316,0.73,roddyda01,28.5
504,Luke Travers,Projected,4.9,11.5,1.3,4.9,2.0,2.4,2.3,7.2,3.8,1.0,0.6,2.5,2.6,13.0,0.422,0.274,0.81,travelu01,28.4
480,Julian Strawther,Projected,5.6,13.0,2.5,7.1,1.9,2.4,0.5,4.1,2.5,1.1,0.5,1.5,3.7,15.7,0.435,0.349,0.809,strawju01,28.4
349,Davion Mitchell,Projected,4.3,9.2,1.6,4.2,1.1,1.5,0.7,3.2,5.8,1.1,0.3,2.0,3.1,11.3,0.466,0.382,0.712,mitchda01,28.3
123,Gradey Dick,Projected,6.0,14.0,2.6,7.1,2.6,3.0,1.0,4.5,2.3,1.1,0.2,1.7,2.6,17.2,0.429,0.365,0.858,dickgr01,28.3
149,Tyson Etienne,Projected,5.2,12.9,2.6,7.9,2.2,2.8,1.2,4.5,3.5,1.0,0.5,2.0,3.4,15.3,0.407,0.323,0.79,etienty01,28.3
372,Georges Niang,Projected,5.8,12.8,3.2,8.3,1.1,1.3,0.8,5.6,2.3,0.6,0.3,1.6,4.0,15.9,0.453,0.392,0.81,niangge01,28.299999999999997
509,Hunter Tyson,Projected,4.8,11.7,2.1,6.5,2.0,2.6,2.0,7.0,2.4,1.0,0.6,1.5,3.7,13.7,0.412,0.326,0.765,tysonhu01,28.299999999999997
38,Reece Beekman,Projected,3.7,9.5,0.9,3.7,1.6,2.1,1.2,4.0,4.7,2.2,0.3,1.7,2.7,9.9,0.386,0.254,0.774,beekmre01,28.200000000000003
134,Chris Duarte,Projected,4.9,11.9,2.2,6.3,2.0,2.5,1.4,5.9,2.9,1.1,0.4,1.5,3.4,13.9,0.41,0.349,0.795,duartch01,28.200000000000003
549,Grant Williams,Projected,4.5,9.9,2.1,5.5,2.0,2.5,1.5,5.8,2.9,0.9,0.7,1.8,3.6,13.1,0.456,0.377,0.784,willigr01,28.2
328,Jalen McDaniels,Projected,5.1,12.2,1.3,4.6,2.1,2.7,1.3,6.0,2.8,1.4,0.6,1.9,3.5,13.7,0.419,0.28,0.788,mcdanja01,28.2
483,Cole Swider,Projected,5.5,13.5,2.8,8.3,1.2,1.6,1.2,5.8,2.3,0.9,0.6,1.6,2.5,15.1,0.41,0.338,0.749,swideco01,28.199999999999996
55,Oshae Brissett,Projected,4.6,10.3,1.4,4.3,2.8,4.3,2.5,7.6,2.3,1.1,0.6,1.5,3.0,13.4,0.448,0.319,0.658,brissos01,28.199999999999996
380,Chuma Okeke,Projected,4.1,9.6,1.9,5.8,1.0,1.4,2.3,7.2,2.7,1.0,0.7,1.3,1.8,11.2,0.43,0.333,0.737,okekech01,28.099999999999998
37,MarJon Beauchamp,Projected,5.5,12.1,2.0,5.5,2.0,2.7,1.7,7.0,2.5,0.9,0.4,2.2,3.2,15.1,0.456,0.369,0.744,beaucma01,28.099999999999998
34,Damion Baugh,Projected,4.8,12.8,1.5,5.5,1.7,2.0,1.5,5.5,5.0,1.4,0.4,2.7,2.3,12.7,0.375,0.265,0.826,baughda01,28.0
4,Ochai Agbaji,Projected,5.1,10.8,1.9,5.2,0.9,1.3,1.4,5.0,2.1,1.1,0.7,1.2,2.6,13.1,0.475,0.373,0.722,agbajoc01,27.999999999999996
267,Cory Joseph,Projected,4.0,9.8,2.1,5.9,1.2,1.5,1.0,4.3,4.6,1.2,0.3,1.4,2.9,11.3,0.411,0.356,0.764,josepco01,27.999999999999996
297,Maxwell Lewis,Projected,5.1,11.9,1.9,5.3,1.3,1.8,1.8,5.9,2.7,1.1,0.7,1.9,2.9,13.5,0.431,0.368,0.751,lewisma05,27.9
161,Enrique Freeman,Projected,4.7,10.2,1.1,3.7,2.6,3.5,2.0,6.3,2.9,0.9,0.7,1.6,3.5,13.1,0.46,0.293,0.731,freemen01,27.799999999999997
227,Joe Ingles,Projected,3.5,8.3,2.1,5.3,1.0,1.2,0.7,4.5,5.7,1.2,0.2,2.2,2.9,10.0,0.419,0.385,0.803,inglejo01,27.700000000000003
258,Dillon Jones,Projected,4.1,9.7,1.3,4.4,1.5,2.2,1.9,7.7,3.9,1.1,0.4,1.9,3.3,10.9,0.418,0.291,0.674,jonesdi01,27.700000000000003
171,Taj Gibson,Projected,4.4,9.3,0.6,1.7,1.4,2.0,3.2,8.5,2.3,0.9,1.2,2.0,4.7,10.7,0.469,0.333,0.681,gibsota01,27.7
156,Adam Flagler,Projected,5.2,15.4,2.3,9.6,1.2,1.6,1.4,5.5,3.1,1.3,0.6,1.3,2.6,14.0,0.341,0.239,0.75,flaglad01,27.6
110,Seth Curry,Projected,5.5,12.1,2.6,6.2,1.4,1.6,0.9,4.0,2.4,1.0,0.3,1.3,2.3,14.9,0.453,0.416,0.851,curryse01,27.6
27,Harrison Barnes,Projected,5.4,11.1,2.3,5.7,2.7,3.4,1.4,4.6,2.0,0.7,0.2,0.9,1.4,15.9,0.487,0.406,0.81,barneha02,27.6
519,Dean Wade,Projected,3.4,8.1,2.3,6.3,0.7,1.1,1.4,7.0,2.1,1.2,0.7,0.8,3.0,9.8,0.42,0.368,0.647,wadede01,27.6
463,KJ Simpson,Projected,4.8,12.9,1.5,5.5,1.9,2.3,1.7,5.1,4.7,1.4,0.3,2.3,2.4,13.1,0.376,0.279,0.817,simpskj01,27.599999999999998
72,Vlatko Čančar,Projected,4.5,10.0,1.6,4.7,1.5,1.8,1.4,6.7,3.2,1.0,0.6,2.2,3.0,12.2,0.455,0.341,0.825,cancavl01,27.599999999999994
117,Johnny Davis,Projected,4.8,11.2,1.2,3.9,1.4,2.1,1.3,5.4,2.3,1.5,0.7,1.2,3.0,12.2,0.43,0.311,0.657,davisjo06,27.5
383,Isaac Okoro,Projected,4.5,9.3,1.8,4.6,1.6,2.2,1.5,4.4,2.5,1.1,0.6,1.0,3.1,12.3,0.483,0.382,0.716,okorois01,27.400000000000002
315,KJ Martin,Projected,5.1,9.3,0.8,2.6,1.7,2.4,1.6,5.9,2.2,0.8,0.7,1.3,3.7,12.7,0.549,0.301,0.716,martike04,27.4
216,Jalen Hood-Schifino,Projected,4.9,12.2,1.7,5.3,2.5,3.1,0.8,4.4,4.1,0.8,0.8,2.1,2.9,13.9,0.401,0.317,0.785,hoodsja01,27.4
359,Markieff Morris,Projected,4.9,13.4,2.1,6.8,1.5,1.8,1.0,6.0,3.7,0.8,0.6,1.7,3.2,13.5,0.368,0.315,0.809,morrima02,27.299999999999997
317,Garrison Mathews,Projected,4.3,10.4,3.3,8.3,2.3,2.8,0.7,3.9,2.3,1.0,0.5,1.2,3.6,14.2,0.417,0.397,0.819,mathega01,27.299999999999997
203,Jordan Hawkins,Projected,5.7,14.7,3.1,8.8,2.2,2.7,0.8,4.7,2.1,0.8,0.5,1.5,1.7,16.8,0.391,0.352,0.825,hawkijo01,27.200000000000003
536,Jaylen Wells,Projected,5.3,12.0,2.5,6.8,2.0,2.5,1.6,5.0,2.6,0.8,0.2,1.3,2.5,15.0,0.44,0.364,0.824,wellsja01,27.200000000000003
392,Julian Phillips,Projected,4.4,9.6,1.7,4.9,2.0,2.5,2.0,5.5,1.6,1.2,0.7,1.0,3.4,12.4,0.458,0.341,0.786,phillju01,27.1
33,Nicolas Batum,Projected,3.0,6.9,2.1,5.2,0.6,0.8,1.4,5.8,2.6,1.2,0.9,1.0,2.9,8.6,0.434,0.404,0.766,batumni01,27.0
102,Pat Connaughton,Projected,4.1,9.4,1.8,5.4,1.2,1.6,1.2,5.9,3.5,0.8,0.5,1.3,2.3,11.3,0.441,0.334,0.757,connapa01,27.0
87,Max Christie,Projected,4.4,9.9,1.9,5.1,2.1,2.5,0.7,4.8,2.6,1.0,0.6,1.4,2.0,12.8,0.442,0.377,0.847,chrisma02,26.8
453,Landry Shamet,Projected,5.4,12.1,2.8,7.4,1.3,1.6,0.7,3.4,2.2,1.1,0.3,1.3,2.9,14.8,0.445,0.376,0.779,shamela01,26.8
470,Nick Smith Jr.,Projected,6.0,14.6,2.8,7.6,1.2,1.3,0.6,3.8,3.8,0.5,0.3,2.0,2.2,16.0,0.411,0.371,0.899,smithni01,26.7
458,Ben Sheppard,Projected,3.9,9.2,2.1,6.0,1.0,1.1,1.2,5.1,2.6,1.2,0.4,0.8,3.6,10.9,0.427,0.343,0.864,sheppbe01,26.6
179,Eric Gordon,Projected,4.8,11.2,2.6,6.9,1.6,2.0,0.4,2.6,2.9,1.1,0.6,1.5,1.6,13.8,0.432,0.377,0.775,gordoer01,26.6
495,JT Thor,Projected,4.2,9.3,1.3,3.9,1.4,2.1,2.1,6.7,1.7,0.9,1.1,1.2,2.6,11.1,0.447,0.342,0.698,thorjt01,26.499999999999996
159,Simone Fontecchio,Projected,4.9,11.6,2.5,6.9,1.7,2.1,1.5,5.8,2.1,0.9,0.4,1.6,2.7,14.1,0.424,0.359,0.821,fontesi01,26.4
56,Dillon Brooks,Projected,5.7,13.4,2.5,6.7,1.7,2.1,1.0,4.2,2.1,1.0,0.2,1.3,3.7,15.7,0.425,0.377,0.819,brookdi01,26.4
440,Matt Ryan,Projected,5.2,12.5,3.0,7.7,1.6,2.0,0.8,4.7,2.5,0.8,0.3,1.7,2.6,15.2,0.421,0.395,0.842,ryanma01,26.4
210,Haywood Highsmith,Projected,3.8,8.3,1.8,4.7,0.7,1.0,1.5,5.3,2.2,1.3,0.7,1.1,3.2,10.1,0.458,0.381,0.698,highsha01,26.4
527,Jordan Walsh,Projected,3.7,8.9,1.5,5.0,1.2,1.7,2.0,6.6,2.4,1.2,0.9,1.6,2.8,10.2,0.42,0.309,0.699,walshjo01,26.3
186,Jeff Green,Projected,5.0,10.8,1.7,5.2,2.7,3.4,1.2,5.1,2.1,0.6,0.6,1.3,2.9,14.6,0.465,0.336,0.795,greenje02,26.3
174,Anthony Gill,Projected,4.8,10.1,1.0,3.3,2.7,3.8,2.0,6.3,2.3,0.9,0.5,1.4,3.2,13.2,0.477,0.3,0.711,gillan01,26.3
233,Andre Jackson Jr.,Projected,3.8,7.7,1.2,3.1,0.7,1.1,2.4,6.9,3.2,1.2,0.5,2.0,4.3,9.5,0.487,0.391,0.628,jacksan01,26.3
312,Caleb Martin,Projected,4.4,10.2,1.4,3.9,1.7,2.5,1.5,5.6,2.8,1.2,0.6,1.6,2.6,11.9,0.434,0.353,0.695,martica02,26.299999999999997
220,Jett Howard,Projected,5.4,13.5,2.8,8.9,1.2,1.6,1.2,4.3,2.7,0.8,0.6,1.8,3.2,14.7,0.401,0.313,0.728,howarje01,26.1
248,AJ Johnson,Projected,5.1,12.2,1.5,5.1,2.0,2.4,0.7,4.1,4.3,0.8,0.3,1.9,2.7,13.7,0.417,0.3,0.848,johnsaj01,26.099999999999998
465,Jericho Sims,Projected,3.1,5.2,0.3,0.7,0.9,1.3,3.6,10.1,2.0,0.6,1.1,1.6,3.4,7.4,0.602,0.364,0.697,simsje01,26.0
406,Micah Potter,Projected,3.6,8.1,1.7,5.0,1.2,1.4,2.1,8.1,2.0,0.8,0.8,1.6,2.6,10.1,0.445,0.338,0.813,pottemi01,26.0
342,Patty Mills,Projected,4.6,11.8,2.5,7.6,1.5,1.8,0.8,3.5,3.2,1.4,0.3,1.8,2.7,13.2,0.388,0.325,0.865,millspa02,25.9
335,Vasilije Micić,Projected,4.7,12.2,1.8,5.3,1.8,2.2,0.8,3.8,6.4,0.8,0.2,3.2,2.2,13.0,0.388,0.329,0.813,micicva01,25.800000000000004
182,A.J. Green,Projected,4.3,9.9,3.4,8.1,0.7,0.9,0.5,4.0,2.4,0.8,0.2,0.9,3.3,12.8,0.436,0.424,0.824,greenaj01,25.7
70,Kentavious Caldwell-Pope,Projected,4.0,8.9,1.8,5.0,1.4,1.7,0.5,2.9,2.4,1.5,0.6,1.1,2.2,11.2,0.446,0.364,0.859,caldwke01,25.7
409,Taurean Prince,Projected,4.2,9.3,2.4,5.7,0.9,1.1,0.5,4.5,2.5,1.1,0.4,1.4,2.7,11.6,0.451,0.416,0.787,princta02,25.6
112,Tristan Da Silva,Projected,4.6,10.9,1.8,5.3,1.4,1.6,1.6,5.6,2.7,0.8,0.4,1.3,2.1,12.5,0.426,0.345,0.859,dasiltr01,25.599999999999998
329,Doug McDermott,Projected,5.4,12.5,3.6,8.9,0.9,1.3,0.6,3.2,2.3,0.6,0.2,1.2,2.9,15.4,0.437,0.41,0.702,mcderdo01,25.5
330,Bryce McGowens,Projected,4.6,10.4,1.4,4.3,2.9,3.6,1.0,4.7,2.6,0.9,0.5,1.6,2.8,13.5,0.442,0.335,0.784,mcgowbr01,25.299999999999997
155,Dorian Finney-Smith,Projected,4.0,9.2,2.3,6.2,0.7,1.0,1.7,5.3,1.9,1.1,0.6,1.2,2.7,11.0,0.432,0.379,0.706,finnedo01,25.299999999999997
365,Kris Murray,Projected,4.2,10.0,1.2,4.5,1.1,1.9,2.4,6.3,2.4,1.3,0.6,1.5,2.4,10.7,0.423,0.26,0.568,murrakr01,25.2
193,Tim Hardaway Jr.,Projected,5.3,13.2,3.0,8.4,2.2,2.6,0.4,3.6,2.2,0.7,0.1,1.0,1.8,15.8,0.402,0.36,0.838,hardati02,25.0
442,Tidjane Salaün,Projected,3.8,10.3,1.8,5.8,2.1,2.8,2.0,8.2,2.4,0.9,0.5,1.7,2.4,11.4,0.366,0.305,0.736,salauti01,25.0
107,Jae Crowder,Projected,3.9,9.3,1.8,5.3,1.2,1.6,1.2,5.6,2.4,1.1,0.4,1.1,2.6,10.9,0.423,0.343,0.761,crowdja01,25.0
344,Justin Minaya,Projected,3.8,9.4,1.3,4.6,1.1,1.7,2.1,5.4,2.8,1.2,0.8,1.5,3.3,10.0,0.403,0.289,0.661,minayju01,24.9
560,Jalen Wilson,Projected,4.5,10.9,2.1,6.0,2.4,2.9,1.5,5.3,2.7,0.7,0.2,1.4,2.8,13.5,0.412,0.343,0.821,wilsoja03,24.7
438,Rayan Rupert,Projected,4.5,10.8,1.5,4.7,1.7,2.2,1.8,5.7,2.9,1.1,0.3,2.0,2.9,12.2,0.415,0.33,0.779,ruperra01,24.5
243,DaQuan Jeffries,Projected,4.3,10.3,1.9,5.6,1.0,1.3,1.3,4.8,2.1,0.9,0.8,1.3,3.2,11.4,0.415,0.335,0.775,jeffrda01,24.5
96,Amir Coffey,Projected,4.7,10.1,1.9,4.9,2.2,2.5,0.7,3.6,1.9,0.9,0.2,1.0,2.5,13.6,0.468,0.396,0.871,coffeam01,24.3
420,Cam Reddish,Projected,3.5,8.3,1.2,3.8,1.5,2.1,1.1,4.1,1.9,1.8,0.6,1.1,2.5,9.7,0.422,0.322,0.735,reddica01,24.299999999999997
187,Josh Green,Projected,4.0,8.6,1.8,4.6,1.1,1.6,1.1,3.9,2.5,1.3,0.3,1.4,3.0,10.8,0.46,0.394,0.703,greenjo02,24.0
219,Caleb Houstan,Projected,3.9,9.2,2.9,7.3,1.0,1.2,1.1,4.0,1.8,0.9,0.3,0.8,2.7,11.7,0.425,0.393,0.834,houstca01,23.799999999999997
516,Gabe Vincent,Projected,4.2,10.3,2.4,7.0,0.7,0.9,0.6,2.6,2.6,1.2,0.3,1.2,3.4,11.4,0.403,0.341,0.77,vincega01,23.099999999999998
198,Gary Harris,Projected,3.5,8.2,2.0,5.5,0.8,1.1,0.9,3.2,2.1,1.3,0.5,1.0,2.5,9.9,0.425,0.37,0.737,harriga01,23.0
276,Maxi Kleber,Projected,2.8,6.7,1.1,3.6,1.2,1.7,1.3,5.6,2.6,0.6,1.0,1.3,3.5,8.0,0.42,0.316,0.736,klebima01,22.1
507,P.J. Tucker,Projected,2.5,6.0,1.2,3.3,0.8,0.9,1.8,5.8,1.6,0.9,0.5,1.0,3.7,7.1,0.424,0.375,0.798,tuckepj01,19.799999999999997
548,Cody Williams,Projected,3.4,9.3,1.3,4.7,1.2,1.6,1.0,4.3,2.3,0.9,0.6,1.5,3.1,9.3,0.364,0.287,0.751,willico04,19.6
