Rk,Player,Type,FG,FGA,3P,3PA,FT,FTA,ORB,TRB,AST,STL,BLK,TOV,PF,PTS,FG%,3P%,FT%,-9999
1,Precious Achiuwa,Projected,5.3,10.6,0.6,2.0,1.6,2.5,3.4,10.0,2.0,1.2,1.3,1.6,2.8,12.8,.501,.292,.637,achiupr01
2,Steven Adams,Projected,4.5,8.5,0.3,0.9,1.9,4.1,6.5,13.6,3.1,1.0,1.2,2.4,2.8,11.3,.532,.328,.479,adamsst01
3,Bam Adebayo,Projected,7.5,15.0,0.8,2.2,3.7,4.8,2.4,10.1,4.3,1.3,0.8,2.3,2.3,19.5,.500,.356,.767,adebaba01
4,Ochai Agbaji,Projected,5.1,10.8,1.9,5.2,0.9,1.3,1.4,5.0,2.1,1.1,0.7,1.2,2.6,13.1,.475,.373,.722,agbajoc01
5,Santi Aldama,Projected,6.3,13.3,2.5,6.7,1.5,2.2,1.9,8.5,3.6,1.1,0.8,1.5,1.9,16.7,.475,.367,.696,aldamsa01
6,Trey Alexander,Projected,5.4,13.0,1.6,5.4,1.9,2.4,1.1,5.5,3.8,1.0,0.6,1.8,2.8,14.4,.419,.298,.783,alexatr01
7,Nickeil Alexander-Walker,Projected,4.7,10.7,2.4,6.3,1.5,1.9,0.9,4.3,3.9,1.0,0.7,1.7,2.5,13.4,.443,.385,.778,alexani01
8,Grayson Allen,Projected,5.0,10.8,3.1,7.2,2.0,2.4,0.8,4.5,3.2,1.1,0.5,1.6,2.3,15.1,.464,.431,.840,allengr01
9,Jarrett Allen,Projected,7.2,10.8,0.1,0.3,3.2,4.3,3.4,12.0,2.7,1.1,1.2,1.6,2.1,17.6,.666,.267,.731,allenja01
10,Jose Alvarado,Projected,5.4,13.3,2.8,7.6,1.6,2.0,0.8,4.1,5.9,1.9,0.4,2.0,2.7,15.1,.405,.363,.782,alvarjo01
11,Kyle Anderson,Projected,4.7,10.0,0.7,2.1,1.9,2.6,1.5,6.5,5.8,1.4,1.1,1.7,2.8,11.9,.467,.339,.727,anderky01
12,Giannis Antetokounmpo,Projected,11.9,20.1,0.4,1.6,6.9,10.9,2.4,12.0,6.6,1.0,1.1,3.4,2.7,31.2,.593,.266,.632,antetgi01
13,Cole Anthony,Projected,6.7,15.2,2.1,5.8,3.1,3.8,1.3,6.2,5.2,1.3,0.8,2.6,3.8,18.6,.439,.355,.833,anthoco01
14,OG Anunoby,Projected,6.4,13.3,2.2,5.9,2.2,2.7,1.3,4.8,2.3,1.5,0.8,1.5,2.4,17.2,.478,.375,.803,anunoog01
15,Deni Avdija,Projected,6.5,13.3,1.8,5.0,4.1,5.3,1.7,8.7,4.6,1.1,0.6,2.9,2.9,18.9,.488,.368,.772,avdijde01
16,Deandre Ayton,Projected,8.3,14.5,0.2,0.9,1.5,2.0,3.4,11.8,2.0,1.0,1.0,2.0,2.6,18.3,.567,.253,.743,aytonde01
17,Marcus Bagley,Projected,4.9,11.2,1.2,4.9,1.7,2.2,2.7,8.8,2.5,1.3,1.3,1.4,2.4,12.7,.435,.253,.793,baglema02
18,Marvin Bagley III,Projected,7.7,14.0,0.6,2.1,3.1,4.2,4.1,10.2,2.0,0.9,1.1,1.9,2.7,19.1,.549,.300,.737,baglema01
19,Patrick Baldwin Jr.,Projected,5.6,12.4,2.8,7.1,1.6,2.2,1.4,8.1,2.5,1.2,0.9,1.6,3.2,15.5,.451,.398,.713,baldwpa01
20,LaMelo Ball,Projected,9.4,22.4,4.0,11.5,4.4,5.1,1.2,5.8,8.2,1.4,0.3,3.8,3.6,27.2,.420,.353,.847,ballla01
21,Lonzo Ball,Projected,4.5,11.6,2.9,8.4,1.3,1.6,1.2,5.7,5.1,2.0,0.8,1.9,2.6,13.2,.387,.346,.802,balllo01
22,Mo Bamba,Projected,5.0,10.4,1.5,4.4,1.8,2.6,2.9,11.1,2.2,0.9,2.4,1.8,4.6,13.3,.478,.340,.707,bambamo01
23,Paolo Banchero,Projected,8.7,18.8,1.8,5.2,5.8,7.9,1.2,7.6,5.1,0.9,0.6,3.0,2.1,24.9,.461,.335,.737,banchpa01
24,Desmond Bane,Projected,8.3,17.2,2.9,7.3,3.1,3.5,1.0,6.3,5.8,1.2,0.5,2.7,2.8,22.4,.480,.391,.882,banede01
25,Dalano Banton,Projected,6.6,16.3,2.2,6.9,3.0,4.0,1.2,5.1,4.8,1.3,1.0,2.6,2.1,18.4,.405,.322,.751,bantoda01
26,Dominick Barlow,Projected,5.6,10.8,0.8,2.5,2.3,3.2,3.3,8.5,2.7,1.0,1.3,0.9,4.0,14.3,.520,.317,.696,barlodo01
27,Harrison Barnes,Projected,5.4,11.1,2.3,5.7,2.7,3.4,1.4,4.6,2.0,0.7,0.2,0.9,1.4,15.9,.487,.406,.810,barneha02
28,Scottie Barnes,Projected,7.7,16.7,1.4,4.6,3.6,4.6,2.1,8.3,6.2,1.4,1.2,2.8,2.0,20.5,.463,.305,.770,barnesc01
29,RJ Barrett,Projected,8.6,17.9,2.0,5.6,3.9,5.8,1.1,6.7,5.0,0.8,0.4,2.8,2.6,23.0,.478,.353,.676,barrerj01
30,Charles Bassey,Projected,6.3,10.9,0.5,1.3,1.9,2.8,4.4,12.6,2.7,1.3,2.4,2.3,4.4,15.0,.575,.362,.686,bassech01
31,Emoni Bates,Projected,5.9,14.4,3.0,8.3,1.5,2.0,1.0,5.3,3.8,0.8,0.7,1.8,2.2,16.3,.410,.362,.729,batesem01
32,Jamison Battle,Projected,5.4,12.1,3.5,8.5,0.8,1.0,1.4,5.7,2.2,0.7,0.4,1.1,3.1,15.1,.443,.409,.844,battlja01
33,Nicolas Batum,Projected,3.0,6.9,2.1,5.2,0.6,0.8,1.4,5.8,2.6,1.2,0.9,1.0,2.9,8.6,.434,.404,.766,batumni01
34,Damion Baugh,Projected,4.8,12.8,1.5,5.5,1.7,2.0,1.5,5.5,5.0,1.4,0.4,2.7,2.3,12.7,.375,.265,.826,baughda01
35,Bradley Beal,Projected,7.5,15.1,2.1,5.3,2.5,3.0,0.9,4.2,4.6,1.1,0.6,2.4,2.8,19.5,.497,.391,.808,bealbr01
36,Malik Beasley,Projected,6.4,15.0,4.3,10.6,1.2,1.7,0.7,4.0,2.1,1.1,0.1,1.2,2.1,18.4,.430,.408,.695,beaslma01
37,MarJon Beauchamp,Projected,5.5,12.1,2.0,5.5,2.0,2.7,1.7,7.0,2.5,0.9,0.4,2.2,3.2,15.1,.456,.369,.744,beaucma01
38,Reece Beekman,Projected,3.7,9.5,0.9,3.7,1.6,2.1,1.2,4.0,4.7,2.2,0.3,1.7,2.7,9.9,.386,.254,.774,beekmre01
39,Goga Bitadze,Projected,5.2,8.8,0.2,1.1,2.2,3.3,4.0,11.1,3.4,1.2,2.4,1.8,3.8,12.9,.594,.223,.654,bitadgo01
40,Bismack Biyombo,Projected,4.4,8.0,0.3,0.7,1.1,2.3,2.8,9.7,2.5,0.9,1.7,1.9,3.8,10.2,.550,.360,.489,biyombi01
41,Anthony Black,Projected,4.9,11.0,1.3,3.6,2.6,3.5,1.1,4.6,4.3,1.5,0.9,2.4,3.1,13.6,.444,.347,.748,blackan01
42,Bogdan Bogdanović,Projected,6.2,14.6,3.1,8.4,1.9,2.1,0.7,4.2,3.8,1.2,0.4,1.8,3.0,17.5,.426,.367,.886,bogdabo01
43,Bol Bol,Projected,7.1,13.1,1.9,5.3,1.8,2.3,1.8,8.9,2.0,0.8,1.8,1.9,2.3,17.8,.542,.354,.775,bolbo01
44,Adem Bona,Projected,5.6,8.6,0.3,0.9,2.7,3.9,3.4,9.5,1.6,1.1,2.5,2.3,4.5,14.3,.657,.356,.695,bonaad01
45,Devin Booker,Projected,8.7,18.5,2.3,6.7,5.6,6.3,1.0,4.2,6.7,0.9,0.3,2.8,2.7,25.3,.471,.341,.886,bookede01
46,Brandon Boston Jr.,Projected,6.3,14.2,1.8,5.1,2.5,3.2,1.2,5.2,3.2,1.7,0.4,2.0,2.8,16.9,.442,.349,.779,bostobr01
47,Chris Boucher,Projected,6.7,13.8,2.3,6.6,3.0,3.9,2.9,9.3,1.5,1.0,1.1,1.3,3.1,18.8,.488,.349,.772,bouchch01
48,Jamaree Bouyea,Projected,5.2,11.2,1.4,4.4,2.0,2.7,1.3,5.8,4.3,1.3,0.7,2.8,2.6,13.7,.460,.310,.748,bouyeja01
49,Tony Bradley,Projected,7.4,13.7,1.4,3.7,1.8,2.7,3.3,9.4,3.1,1.0,1.6,1.9,3.1,18.0,.541,.364,.662,bradlto01
50,Malaki Branham,Projected,6.6,14.5,2.3,6.2,1.7,2.0,0.7,4.1,3.5,0.8,0.2,2.2,2.3,17.2,.456,.370,.838,branhma01
51,Christian Braun,Projected,6.1,10.9,1.3,3.2,2.3,2.9,1.4,5.9,2.8,1.1,0.6,1.1,2.5,15.7,.554,.397,.794,braunch01
52,Jalen Bridges,Projected,5.7,12.5,2.1,6.0,2.7,3.5,1.4,6.4,3.4,1.1,0.6,2.5,2.3,16.3,.457,.351,.779,bridgja01
53,Mikal Bridges,Projected,7.0,14.8,2.2,6.0,2.0,2.5,0.9,3.8,3.6,1.0,0.5,1.7,1.6,18.3,.475,.362,.826,bridgmi01
54,Miles Bridges,Projected,8.1,18.1,2.4,7.2,3.3,3.9,1.2,7.9,4.0,0.8,0.7,2.2,1.7,21.8,.445,.329,.855,bridgmi02
55,Oshae Brissett,Projected,4.6,10.3,1.4,4.3,2.8,4.3,2.5,7.6,2.3,1.1,0.6,1.5,3.0,13.4,.448,.319,.658,brissos01
56,Dillon Brooks,Projected,5.7,13.4,2.5,6.7,1.7,2.1,1.0,4.2,2.1,1.0,0.2,1.3,3.7,15.7,.425,.377,.819,brookdi01
57,Keion Brooks Jr.,Projected,6.0,12.3,1.7,5.0,2.5,3.3,1.4,6.5,2.3,1.1,1.0,1.6,3.1,16.1,.485,.344,.753,brookke02
58,Bruce Brown,Projected,5.3,11.8,1.2,3.5,2.1,2.6,1.3,5.8,3.6,1.2,0.5,1.7,2.8,14.0,.455,.337,.807,brownbr01
59,Jaylen Brown,Projected,9.0,18.8,2.1,6.2,3.8,5.0,1.3,6.2,4.3,1.2,0.4,2.7,2.7,23.8,.477,.335,.747,brownja02
60,Kobe Brown,Projected,4.6,10.1,1.3,4.2,1.0,1.3,2.1,7.2,3.1,1.1,0.6,1.5,3.4,11.4,.454,.297,.752,brownko01
61,Moses Brown,Projected,7.5,13.2,0.8,2.1,2.5,4.5,4.0,11.7,2.0,1.2,1.1,2.4,4.1,18.2,.568,.366,.560,brownmo01
62,Jalen Brunson,Projected,9.4,19.5,2.5,6.3,5.5,6.6,0.5,3.4,7.0,0.9,0.2,2.5,2.1,26.7,.483,.390,.829,brunsja01
63,Thomas Bryant,Projected,6.4,12.2,1.5,4.6,2.4,2.9,2.9,9.6,2.1,1.0,1.4,1.3,3.0,16.8,.527,.327,.832,bryanth01
64,Kobe Bufkin,Projected,6.1,14.3,1.7,5.9,2.5,3.5,1.5,6.4,4.6,1.1,0.8,2.0,2.9,16.3,.426,.285,.732,bufkiko01
65,Alec Burks,Projected,5.5,13.7,3.4,8.7,2.9,3.5,0.7,5.0,2.7,1.0,0.3,1.4,2.1,17.3,.401,.396,.822,burksal01
66,Jared Butler,Projected,6.9,14.8,2.0,5.6,2.5,3.0,0.9,4.1,7.3,1.5,0.5,2.7,3.3,18.2,.463,.355,.829,butleja02
67,Jimmy Butler,Projected,6.5,13.2,0.8,2.4,6.6,7.9,2.2,5.9,5.6,1.5,0.4,1.7,1.2,20.6,.497,.346,.843,butleji01
68,Matas Buzelis,Projected,6.2,13.2,2.3,6.2,2.2,2.7,1.4,6.8,2.1,0.8,1.7,1.7,2.9,16.9,.469,.374,.819,buzelma01
69,Jamal Cain,Projected,5.2,11.6,1.8,5.3,2.5,3.5,1.9,6.2,2.0,1.5,0.7,1.6,3.1,14.7,.449,.341,.722,cainja01
70,Kentavious Caldwell-Pope,Projected,4.0,8.9,1.8,5.0,1.4,1.7,0.5,2.9,2.4,1.5,0.6,1.1,2.2,11.2,.446,.364,.859,caldwke01
71,Toumani Camara,Projected,4.6,10.0,1.8,4.7,1.4,1.9,2.5,6.6,2.4,1.6,0.7,1.6,3.3,12.4,.463,.373,.742,camarto01
72,Vlatko Čančar,Projected,4.5,10.0,1.6,4.7,1.5,1.8,1.4,6.7,3.2,1.0,0.6,2.2,3.0,12.2,.455,.341,.825,cancavl01
73,Clint Capela,Projected,6.7,11.9,0.1,0.4,2.0,3.3,5.5,14.0,1.9,1.0,1.7,1.4,3.2,15.5,.564,.337,.597,capelca01
74,Branden Carlson,Projected,6.3,13.8,2.8,8.0,2.3,2.9,2.2,7.4,2.8,0.9,2.1,1.5,3.0,17.6,.457,.345,.782,carlsbr01
75,Bub Carrington,Projected,4.7,11.0,2.1,5.9,1.1,1.4,0.6,5.3,5.4,0.8,0.3,2.0,2.7,12.5,.422,.355,.817,carrica01
76,Devin Carter,Projected,4.9,12.0,1.8,5.5,2.5,3.8,1.7,6.9,3.9,1.7,0.5,1.7,3.3,14.1,.412,.323,.648,cartede02
77,Jevon Carter,Projected,5.4,13.5,2.9,8.4,0.8,1.0,0.6,3.7,3.8,1.3,0.5,1.4,2.5,14.4,.396,.349,.768,carteje01
78,Wendell Carter Jr.,Projected,5.2,10.7,1.1,3.8,2.6,3.6,2.9,9.9,2.8,1.0,0.8,1.7,3.7,14.3,.488,.302,.733,cartewe01
79,D.J. Carton,Projected,5.3,12.0,1.6,5.0,2.5,3.1,1.4,6.1,3.8,1.3,0.6,2.3,2.5,14.6,.439,.324,.800,cartodj01
80,Alex Caruso,Projected,4.6,10.0,2.1,5.6,1.4,1.8,1.2,5.2,4.5,2.4,1.1,1.6,3.4,12.7,.454,.376,.792,carusal01
81,Stephon Castle,Projected,7.2,16.2,1.7,5.5,4.1,5.6,1.5,5.2,5.6,1.3,0.4,2.8,2.7,20.2,.444,.303,.737,castlst01
82,Colin Castleton,Projected,4.6,9.6,0.7,2.4,2.5,3.2,3.7,9.2,2.8,0.8,0.8,1.9,3.9,12.4,.479,.275,.785,castlco01
83,Julian Champagnie,Projected,5.0,11.8,3.1,8.2,1.7,2.0,1.2,5.8,2.3,1.2,0.8,1.4,2.1,14.9,.426,.377,.870,champju02
84,Justin Champagnie,Projected,5.7,11.4,2.0,5.3,1.5,2.1,2.9,9.2,2.0,1.7,1.1,1.5,2.8,15.0,.505,.379,.715,champju01
85,Ulrich Chomche,Projected,5.8,12.0,1.7,4.7,2.4,3.1,2.2,7.2,3.8,1.1,0.8,2.1,3.1,15.6,.478,.375,.758,chomcul01
86,Cam Christie,Projected,5.9,13.6,1.9,6.1,2.3,3.1,1.8,7.0,4.0,1.8,0.7,1.8,2.6,15.9,.434,.305,.734,chrisca02
87,Max Christie,Projected,4.4,9.9,1.9,5.1,2.1,2.5,0.7,4.8,2.6,1.0,0.6,1.4,2.0,12.8,.442,.377,.847,chrisma02
88,Josh Christopher,Projected,6.5,14.4,1.4,4.9,2.4,3.1,1.1,5.1,3.8,1.6,0.9,2.5,2.4,16.8,.453,.291,.755,chrisjo01
89,Sidy Cissoko,Projected,5.3,11.1,1.3,4.5,2.2,3.3,2.1,6.6,4.0,1.2,0.6,2.2,3.2,14.0,.476,.298,.670,cissosi01
90,Jaylen Clark,Projected,4.5,9.5,1.7,4.0,2.2,2.7,1.8,4.4,2.4,2.2,0.3,0.9,3.8,12.8,.475,.416,.788,clarkja02
91,Brandon Clarke,Projected,7.1,11.7,0.2,1.0,2.0,2.8,3.5,9.4,2.2,1.5,1.1,1.4,4.1,16.4,.603,.233,.698,clarkbr01
92,Jordan Clarkson,Projected,7.4,17.8,2.5,7.7,3.8,4.7,1.1,4.4,5.3,0.9,0.3,3.2,2.0,21.1,.414,.332,.824,clarkjo01
93,Nic Claxton,Projected,6.3,10.5,0.2,0.5,1.7,3.2,3.0,10.6,2.8,1.1,2.2,1.6,2.9,14.4,.594,.300,.546,claxtni01
94,Donovan Clingan,Projected,5.2,9.6,0.6,1.8,1.8,2.9,5.6,13.8,2.4,1.0,2.8,1.9,4.7,12.8,.542,.323,.633,clingdo01
95,Noah Clowney,Projected,5.0,12.3,2.7,7.8,2.4,2.9,1.7,6.7,1.8,0.9,0.9,1.6,3.3,15.0,.403,.350,.819,clownno01
96,Amir Coffey,Projected,4.7,10.1,1.9,4.9,2.2,2.5,0.7,3.6,1.9,0.9,0.2,1.0,2.5,13.6,.468,.396,.871,coffeam01
97,Isaiah Collier,Projected,4.8,11.0,0.9,3.5,2.2,3.1,0.7,4.9,8.6,1.3,0.4,3.8,2.8,12.8,.440,.274,.703,colliis01
98,John Collins,Projected,7.6,14.5,1.6,4.4,3.3,4.0,2.5,9.7,2.0,1.0,1.2,2.3,3.5,20.1,.524,.373,.824,collijo01
99,Yuri Collins,Projected,6.0,12.7,1.9,5.1,2.3,3.0,1.9,6.7,4.5,1.5,0.7,1.9,3.5,16.1,.469,.367,.785,colliyu01
100,Zach Collins,Projected,6.3,12.8,1.3,4.1,2.7,3.3,3.2,9.6,4.3,1.0,1.1,2.6,4.7,16.7,.496,.322,.808,colliza01
101,Mike Conley,Projected,4.3,10.2,2.6,6.4,1.8,2.0,0.7,3.7,6.7,1.5,0.3,1.7,2.3,12.9,.417,.406,.879,conlemi01
102,Pat Connaughton,Projected,4.1,9.4,1.8,5.4,1.2,1.6,1.2,5.9,3.5,0.8,0.5,1.3,2.3,11.3,.441,.334,.757,connapa01
103,Bilal Coulibaly,Projected,4.8,10.9,1.3,4.1,2.4,3.3,1.6,5.6,3.4,1.4,0.9,2.1,2.6,13.3,.442,.316,.748,coulibi01
104,Ricky Council IV,Projected,5.5,13.3,1.6,5.8,3.8,4.7,1.5,6.3,2.9,1.0,0.4,1.5,2.0,16.3,.409,.283,.797,councri01
105,Torrey Craig,Projected,4.2,9.8,2.1,5.7,1.0,1.4,2.5,7.5,2.2,1.0,1.0,1.3,3.6,11.6,.435,.374,.729,craigto01
106,Isaiah Crawford,Projected,5.8,12.3,1.8,5.2,2.4,3.2,1.5,6.6,3.3,1.1,0.9,1.8,2.5,15.8,.473,.342,.727,crawfis01
107,Jae Crowder,Projected,3.9,9.3,1.8,5.3,1.2,1.6,1.2,5.6,2.4,1.1,0.4,1.1,2.6,10.9,.423,.343,.761,crowdja01
108,Cui Yongxi,Projected,6.2,13.9,2.0,5.9,2.6,3.5,1.6,6.8,3.8,1.2,0.7,2.0,2.6,17.0,.446,.334,.756,cuiyo01
109,Cade Cunningham,Projected,9.7,20.7,2.2,6.0,4.4,5.2,0.8,5.9,8.8,1.0,0.7,4.1,2.8,26.0,.471,.362,.853,cunnica01
110,Seth Curry,Projected,5.5,12.1,2.6,6.2,1.4,1.6,0.9,4.0,2.4,1.0,0.3,1.3,2.3,14.9,.453,.416,.851,curryse01
111,Stephen Curry,Projected,9.0,20.4,4.9,12.4,4.3,4.7,0.6,5.0,6.1,1.1,0.5,3.2,1.7,27.3,.444,.393,.921,curryst01
112,Tristan Da Silva,Projected,4.6,10.9,1.8,5.3,1.4,1.6,1.6,5.6,2.7,0.8,0.4,1.3,2.1,12.5,.426,.345,.859,dasiltr01
113,Pacome Dadiet,Projected,5.2,11.9,2.1,5.8,2.1,2.8,1.4,6.5,3.1,1.2,0.7,1.7,2.5,14.5,.434,.356,.760,dadiepa01
114,Dyson Daniels,Projected,5.8,11.8,1.2,3.4,1.2,1.9,1.7,6.5,4.7,2.9,0.7,2.0,2.5,14.0,.496,.346,.628,daniedy01
115,N'Faly Dante,Projected,6.5,12.4,1.6,4.3,2.6,3.3,2.3,8.6,3.4,1.1,1.4,1.9,3.6,17.2,.528,.367,.790,nfalyda01
116,Anthony Davis,Projected,9.5,18.0,0.6,2.2,5.7,7.2,3.0,12.3,3.6,1.2,2.2,2.3,2.3,25.4,.529,.284,.788,davisan02
117,Johnny Davis,Projected,4.8,11.2,1.2,3.9,1.4,2.1,1.3,5.4,2.3,1.5,0.7,1.2,3.0,12.2,.430,.311,.657,davisjo06
118,Terence Davis,Projected,6.2,14.1,2.7,7.5,2.1,2.7,1.2,6.2,3.4,1.4,0.6,2.1,3.5,17.3,.442,.359,.784,daviste02
119,JD Davison,Projected,5.7,13.0,1.9,5.9,2.3,3.1,1.4,6.3,4.8,1.4,0.7,3.0,2.2,15.5,.437,.321,.762,davisjd01
120,RayJ Dennis,Projected,6.1,14.4,2.4,7.1,2.1,2.6,1.5,6.6,5.0,2.0,0.8,2.2,3.0,16.8,.428,.334,.811,dennira01
121,DeMar DeRozan,Projected,7.9,16.7,1.0,3.1,5.3,6.2,0.6,4.0,4.6,0.9,0.5,1.6,2.1,22.1,.472,.324,.852,derozde01
122,Moussa Diabaté,Projected,5.1,8.8,0.2,0.8,2.2,3.5,5.2,12.1,1.9,1.4,1.1,1.8,3.0,12.6,.578,.300,.626,diabamo01
123,Gradey Dick,Projected,6.0,14.0,2.6,7.1,2.6,3.0,1.0,4.5,2.3,1.1,0.2,1.7,2.6,17.2,.429,.365,.858,dickgr01
124,Ousmane Dieng,Projected,5.2,11.6,2.0,6.2,1.4,1.8,1.5,6.7,3.3,1.2,0.6,1.7,2.6,13.9,.449,.329,.762,diengou01
125,Rob Dillingham,Projected,6.6,14.3,1.9,5.2,1.1,1.6,1.1,4.4,6.3,1.4,0.2,3.2,2.6,16.1,.461,.356,.668,dilliro01
126,Spencer Dinwiddie,Projected,4.8,11.6,2.0,5.8,3.1,3.9,0.4,3.6,5.9,1.0,0.3,1.7,2.2,14.7,.412,.337,.801,dinwisp01
127,Donte DiVincenzo,Projected,5.9,13.7,3.8,9.7,1.2,1.6,0.9,5.1,4.3,1.6,0.4,2.0,2.6,17.0,.433,.397,.773,divindo01
128,Luka Dončić,Projected,10.1,21.3,3.6,9.5,6.4,8.2,0.9,8.5,8.3,1.6,0.5,3.6,2.4,30.1,.474,.374,.781,doncilu01
129,Luguentz Dort,Projected,4.7,10.8,2.7,6.8,1.4,1.8,1.5,5.1,2.1,1.3,0.7,1.1,3.6,13.5,.436,.401,.785,dortlu01
130,Ayo Dosunmu,Projected,5.7,11.5,1.7,4.7,1.5,1.9,0.8,4.0,4.6,1.1,0.5,1.7,2.7,14.7,.498,.361,.798,dosunay01
131,Jeff Dowtin Jr.,Projected,6.2,12.7,1.7,4.3,1.9,2.5,0.9,4.2,4.6,1.4,0.7,1.1,1.8,16.0,.486,.395,.743,dowtije01
132,PJ Dozier,Projected,5.4,11.7,1.9,5.2,2.2,3.6,1.5,6.3,4.1,1.3,0.6,2.0,2.9,15.0,.464,.369,.606,doziepj01
133,Andre Drummond,Projected,6.3,12.1,0.2,1.0,3.0,4.9,5.6,15.8,1.6,1.8,1.0,2.5,4.1,15.8,.524,.254,.607,drumman01
134,Chris Duarte,Projected,4.9,11.9,2.2,6.3,2.0,2.5,1.4,5.9,2.9,1.1,0.4,1.5,3.4,13.9,.410,.349,.795,duartch01
135,Alex Ducas,Projected,5.1,11.3,2.4,5.8,1.7,2.1,2.1,7.1,2.9,1.3,0.4,1.7,3.0,14.3,.451,.418,.809,ducasal01
136,David Duke Jr.,Projected,6.3,13.3,1.9,4.8,2.3,3.0,1.5,6.2,3.8,1.2,0.5,2.2,2.9,16.8,.476,.385,.764,dukeda01
137,Kris Dunn,Projected,4.2,9.3,1.4,4.2,0.6,0.8,1.2,5.3,5.0,2.3,0.6,1.8,3.9,10.4,.451,.343,.719,dunnkr01
138,Ryan Dunn,Projected,5.4,12.3,2.1,6.6,0.7,1.2,2.3,6.9,1.8,1.2,1.0,1.1,3.9,13.7,.444,.324,.577,dunnry01
139,Kevin Durant,Projected,9.3,17.9,2.3,5.6,4.7,5.6,0.5,6.1,4.4,0.8,1.2,3.1,1.8,25.6,.517,.411,.846,duranke01
140,Jalen Duren,Projected,6.8,10.3,0.1,0.3,2.9,4.0,4.6,14.1,3.4,0.9,1.4,2.4,4.1,16.6,.664,.346,.710,durenja01
141,Tari Eason,Projected,6.8,14.0,1.6,4.4,2.1,2.7,3.3,9.5,2.2,2.3,1.2,1.7,3.4,17.2,.486,.353,.754,easonta01
142,Zach Edey,Projected,6.5,11.3,0.6,1.8,2.4,3.3,5.6,13.4,1.9,1.0,2.1,2.2,4.3,16.0,.575,.359,.724,edeyza01
143,Anthony Edwards,Projected,9.2,19.9,3.4,8.8,5.2,6.2,0.8,5.8,4.8,1.3,0.6,3.1,1.9,26.9,.461,.391,.833,edwaran01
144,Jesse Edwards,Projected,6.1,12.9,2.0,5.4,2.5,3.2,1.6,6.5,4.1,1.2,0.7,2.0,3.1,16.7,.473,.366,.784,edwarje01
145,Justin Edwards,Projected,5.6,11.9,2.2,5.8,1.2,1.7,1.5,5.0,2.4,1.4,0.5,1.6,2.9,14.6,.469,.374,.725,edwarju01
146,Kessler Edwards,Projected,4.4,9.3,1.6,4.2,1.0,1.3,1.4,6.6,2.7,1.2,1.0,1.1,3.4,11.6,.476,.389,.804,edwarke02
147,Keon Ellis,Projected,4.3,8.9,2.6,5.9,1.4,1.7,1.2,4.2,2.5,2.1,1.1,1.4,3.4,12.5,.486,.430,.824,elliske01
148,Joel Embiid,Projected,10.4,20.7,1.4,4.2,9.5,10.9,2.2,10.3,5.2,1.1,1.5,3.8,3.0,31.7,.501,.340,.872,embiijo01
149,Tyson Etienne,Projected,5.2,12.9,2.6,7.9,2.2,2.8,1.2,4.5,3.5,1.0,0.5,2.0,3.4,15.3,.407,.323,.790,etienty01
150,Drew Eubanks,Projected,5.2,8.9,0.3,0.7,2.2,3.1,2.9,10.0,2.5,0.8,1.8,1.9,3.3,13.0,.584,.413,.708,eubandr01
151,Tosan Evbuomwan,Projected,5.1,11.2,1.4,4.2,2.7,3.6,1.7,6.5,2.9,1.2,0.6,1.9,2.8,14.3,.452,.338,.755,evbuoto01
152,Dante Exum,Projected,5.7,11.5,1.9,4.4,2.0,2.7,0.8,4.6,5.1,0.9,0.3,1.9,3.0,15.5,.499,.442,.764,exumda01
153,Bruno Fernando,Projected,6.0,11.1,0.4,1.4,2.8,4.0,3.3,10.0,3.2,1.1,1.6,2.5,5.3,15.2,.538,.329,.702,fernabr01
154,Kyle Filipowski,Projected,6.3,12.4,1.9,5.2,2.3,3.4,2.6,10.3,3.5,1.2,0.6,2.3,3.8,16.8,.510,.362,.673,filipky01
155,Dorian Finney-Smith,Projected,4.0,9.2,2.3,6.2,0.7,1.0,1.7,5.3,1.9,1.1,0.6,1.2,2.7,11.0,.432,.379,.706,finnedo01
156,Adam Flagler,Projected,5.2,15.4,2.3,9.6,1.2,1.6,1.4,5.5,3.1,1.3,0.6,1.3,2.6,14.0,.341,.239,.750,flaglad01
157,Trentyn Flowers,Projected,6.3,13.5,1.8,5.1,2.8,3.4,1.7,6.6,3.5,1.1,0.6,2.0,3.0,17.2,.468,.349,.826,flowetr01
158,Malachi Flynn,Projected,5.5,13.1,2.2,6.4,2.2,2.9,1.1,5.1,4.8,1.5,0.4,2.3,2.9,15.4,.423,.340,.759,flynnma01
159,Simone Fontecchio,Projected,4.9,11.6,2.5,6.9,1.7,2.1,1.5,5.8,2.1,0.9,0.4,1.6,2.7,14.1,.424,.359,.821,fontesi01
160,De'Aaron Fox,Projected,9.1,19.3,2.2,6.6,4.2,5.4,0.9,4.8,6.0,1.6,0.4,2.7,2.6,24.5,.469,.335,.790,foxde01
161,Enrique Freeman,Projected,4.7,10.2,1.1,3.7,2.6,3.5,2.0,6.3,2.9,0.9,0.7,1.6,3.5,13.1,.460,.293,.731,freemen01
162,Markelle Fultz,Projected,6.3,13.2,0.6,1.8,1.4,1.9,1.7,5.2,5.3,1.7,0.6,2.4,2.6,14.7,.477,.348,.764,fultzma01
163,Johnny Furphy,Projected,4.3,10.1,1.7,5.0,2.0,2.5,2.1,6.9,2.5,1.6,1.0,1.4,3.5,12.3,.429,.333,.811,furphjo01
164,Daniel Gafford,Projected,7.5,10.8,0.1,0.3,3.2,4.6,4.0,10.9,2.4,0.9,2.8,1.8,4.3,18.4,.695,.361,.691,gaffoda01
165,Darius Garland,Projected,8.1,17.3,3.0,7.5,3.4,3.9,0.7,3.3,7.6,1.4,0.2,3.0,2.1,22.6,.469,.398,.865,garlada01
166,Marcus Garrett,Projected,5.9,13.0,1.8,5.0,2.2,2.8,1.3,5.4,4.6,1.3,0.8,2.3,3.3,15.7,.451,.366,.775,garrema01
167,Luka Garza,Projected,8.1,16.5,1.9,6.2,3.8,5.3,4.0,8.2,2.5,1.0,0.5,2.0,4.5,22.0,.492,.312,.726,garzalu01
168,Keyonte George,Projected,6.1,15.1,2.9,8.2,3.8,4.6,0.5,4.4,6.3,0.8,0.2,3.1,1.8,19.0,.406,.352,.832,georgke01
169,Kyshawn George,Projected,4.3,11.0,2.3,6.9,1.5,2.0,1.1,5.9,3.5,1.4,1.0,1.9,3.8,12.5,.393,.335,.766,georgky01
170,Paul George,Projected,7.4,16.6,2.9,7.7,3.1,3.6,0.7,5.8,4.3,1.7,0.5,2.6,2.9,20.8,.446,.378,.862,georgpa01
171,Taj Gibson,Projected,4.4,9.3,0.6,1.7,1.4,2.0,3.2,8.5,2.3,0.9,1.2,2.0,4.7,10.7,.469,.333,.681,gibsota01
172,Josh Giddey,Projected,6.9,14.3,1.7,4.5,2.5,3.2,2.1,9.5,7.9,1.2,0.8,3.2,2.1,18.0,.480,.371,.789,giddejo01
173,Shai Gilgeous-Alexander,Projected,11.4,21.8,1.9,5.0,8.2,9.2,1.0,5.5,6.5,1.9,1.0,2.5,2.4,32.9,.524,.370,.891,gilgesh01
174,Anthony Gill,Projected,4.8,10.1,1.0,3.3,2.7,3.8,2.0,6.3,2.3,0.9,0.5,1.4,3.2,13.2,.477,.300,.711,gillan01
175,Collin Gillespie,Projected,5.5,12.3,2.7,6.5,1.7,2.1,1.5,5.8,5.4,1.6,0.4,1.6,2.6,15.5,.448,.418,.810,gilleco01
176,Rudy Gobert,Projected,5.4,8.3,0.1,0.2,3.0,4.6,3.8,12.2,1.8,0.8,1.7,1.5,3.0,13.8,.648,.323,.656,goberru01
177,Jordan Goodwin,Projected,4.8,11.5,1.6,4.6,1.3,1.7,2.5,7.7,4.2,1.8,0.7,1.8,2.8,12.5,.417,.342,.770,goodwjo01
178,Aaron Gordon,Projected,6.5,12.1,1.3,3.4,3.2,4.4,2.3,6.8,4.0,0.8,0.6,1.8,2.2,17.5,.538,.385,.726,gordoaa01
179,Eric Gordon,Projected,4.8,11.2,2.6,6.9,1.6,2.0,0.4,2.6,2.9,1.1,0.6,1.5,1.6,13.8,.432,.377,.775,gordoer01
180,Jazian Gortman,Projected,6.2,13.6,2.2,5.9,2.3,3.1,1.4,5.8,4.0,1.3,0.7,2.3,3.4,16.9,.458,.372,.730,gortmja01
181,Jerami Grant,Projected,6.1,14.7,2.4,6.3,3.9,4.7,0.7,4.0,2.6,0.9,0.9,1.8,2.5,18.5,.415,.376,.828,grantje01
182,A.J. Green,Projected,4.3,9.9,3.4,8.1,0.7,0.9,0.5,4.0,2.4,0.8,0.2,0.9,3.3,12.8,.436,.424,.824,greenaj01
183,Draymond Green,Projected,4.1,9.2,1.3,3.9,1.7,2.4,1.4,7.9,7.0,1.6,1.2,3.2,3.9,11.2,.447,.333,.697,greendr01
184,Jalen Green,Projected,8.1,18.7,3.0,8.4,3.9,4.8,0.6,5.3,3.9,1.0,0.4,2.6,1.7,23.1,.433,.356,.812,greenja05
185,Javonte Green,Projected,4.1,9.0,1.4,4.1,1.7,2.3,1.8,6.5,1.8,1.8,0.9,1.1,2.9,11.2,.453,.332,.728,greenja02
186,Jeff Green,Projected,5.0,10.8,1.7,5.2,2.7,3.4,1.2,5.1,2.1,0.6,0.6,1.3,2.9,14.6,.465,.336,.795,greenje02
187,Josh Green,Projected,4.0,8.6,1.8,4.6,1.1,1.6,1.1,3.9,2.5,1.3,0.3,1.4,3.0,10.8,.460,.394,.703,greenjo02
188,Quentin Grimes,Projected,6.2,13.6,2.8,7.5,2.4,3.2,1.0,5.3,3.6,1.3,0.4,2.1,2.5,17.7,.459,.381,.765,grimequ01
189,Mouhamed Gueye,Projected,5.2,11.9,1.6,5.4,2.3,3.0,2.8,9.0,2.4,1.8,1.9,1.2,3.6,14.3,.439,.294,.778,gueyemo02
190,Rui Hachimura,Projected,6.2,12.1,1.9,4.7,1.8,2.4,1.4,5.9,1.7,0.8,0.5,1.0,2.0,16.2,.515,.408,.760,hachiru01
191,Tyrese Haliburton,Projected,7.4,15.4,3.2,8.2,2.9,3.4,0.7,4.1,10.5,1.5,0.7,2.0,1.4,21.0,.482,.387,.854,halibty01
192,PJ Hall,Projected,6.8,13.3,1.8,5.2,2.3,3.0,2.2,8.3,3.5,0.9,1.2,1.8,3.6,17.6,.510,.343,.780,hallpj01
193,Tim Hardaway Jr.,Projected,5.3,13.2,3.0,8.4,2.2,2.6,0.4,3.6,2.2,0.7,0.1,1.0,1.8,15.8,.402,.360,.838,hardati02
194,James Harden,Projected,6.2,15.1,2.8,8.0,5.6,6.5,0.7,5.7,8.7,1.4,0.7,3.8,2.1,20.9,.411,.354,.869,hardeja01
195,Jaden Hardy,Projected,7.2,16.4,3.0,7.7,2.4,3.3,0.6,4.3,3.6,1.0,0.3,2.7,3.2,19.8,.439,.387,.744,hardyja02
196,Elijah Harkless,Projected,4.8,11.4,2.0,6.0,1.8,2.5,2.0,6.2,3.2,1.9,0.5,1.5,3.6,13.2,.418,.326,.704,harklej01
197,Ron Harper Jr.,Projected,5.9,13.4,1.8,6.0,2.7,3.3,2.3,7.2,4.0,1.0,0.7,1.8,2.7,16.2,.439,.298,.811,harpero02
198,Gary Harris,Projected,3.5,8.2,2.0,5.5,0.8,1.1,0.9,3.2,2.1,1.3,0.5,1.0,2.5,9.9,.425,.370,.737,harriga01
199,Tobias Harris,Projected,6.3,13.1,1.5,4.2,2.3,2.7,1.1,6.7,2.8,1.1,0.8,1.4,2.1,16.3,.477,.348,.862,harrito02
200,Josh Hart,Projected,4.7,9.4,1.1,3.2,1.8,2.3,1.9,8.9,5.1,1.3,0.3,1.8,2.5,12.1,.496,.329,.775,hartjo01
201,Isaiah Hartenstein,Projected,5.5,9.4,0.1,0.6,1.9,2.7,4.0,12.7,4.2,1.3,1.4,2.0,3.9,13.1,.586,.213,.696,harteis01
202,Sam Hauser,Projected,5.1,11.3,3.8,9.2,0.4,0.5,1.0,5.5,1.7,0.9,0.4,0.7,2.1,14.5,.451,.417,.862,hausesa01
203,Jordan Hawkins,Projected,5.7,14.7,3.1,8.8,2.2,2.7,0.8,4.7,2.1,0.8,0.5,1.5,1.7,16.8,.391,.352,.825,hawkijo01
204,Jaxson Hayes,Projected,5.4,8.0,0.2,0.7,2.2,3.4,2.6,8.6,2.0,1.2,1.5,1.6,4.4,13.2,.677,.263,.649,hayesja02
205,Killian Hayes,Projected,4.8,11.5,1.3,3.9,1.7,2.2,0.7,4.4,7.1,1.4,0.7,2.2,3.0,12.5,.418,.324,.765,hayeski01
206,Scoot Henderson,Projected,6.2,14.6,2.1,5.8,3.3,4.2,1.1,4.3,6.9,1.3,0.3,3.6,3.6,17.8,.423,.358,.794,hendesc01
207,Taylor Hendricks,Projected,4.8,10.7,2.1,5.7,1.4,1.8,1.9,7.6,2.0,1.3,1.2,1.3,3.1,13.1,.448,.372,.791,hendrta01
208,Tyler Herro,Projected,8.4,18.0,3.3,8.6,3.4,3.9,0.5,5.5,5.3,0.9,0.2,2.5,1.3,23.5,.467,.382,.878,herroty01
209,Buddy Hield,Projected,6.3,14.8,3.7,9.9,1.1,1.3,1.0,5.0,3.1,1.3,0.5,1.8,2.6,17.4,.425,.376,.831,hieldbu01
210,Haywood Highsmith,Projected,3.8,8.3,1.8,4.7,0.7,1.0,1.5,5.3,2.2,1.3,0.7,1.1,3.2,10.1,.458,.381,.698,highsha01
211,Aaron Holiday,Projected,5.3,11.9,2.7,6.8,1.6,1.9,0.7,3.8,3.9,1.1,0.4,1.6,3.2,14.9,.441,.391,.852,holidaa01
212,Jrue Holiday,Projected,5.3,11.6,2.1,5.7,1.4,1.6,1.4,5.4,5.1,1.1,0.6,1.9,1.9,14.1,.454,.373,.868,holidjr01
213,Ron Holland,Projected,5.9,12.0,1.2,4.4,2.7,3.5,1.2,6.4,2.6,1.4,0.5,2.0,3.7,15.6,.489,.269,.769,hollaro01
214,Richaun Holmes,Projected,5.8,10.0,0.4,1.1,2.8,3.5,3.8,10.7,2.6,0.7,1.3,1.6,3.8,14.8,.582,.332,.796,holmeri01
215,Chet Holmgren,Projected,7.3,14.1,1.9,5.0,3.6,4.6,2.0,10.0,3.0,0.9,2.8,2.1,2.9,20.2,.520,.382,.781,holmgch01
216,Jalen Hood-Schifino,Projected,4.9,12.2,1.7,5.3,2.5,3.1,0.8,4.4,4.1,0.8,0.8,2.1,2.9,13.9,.401,.317,.785,hoodsja01
217,Al Horford,Projected,4.3,9.7,2.4,6.3,0.7,0.8,1.6,7.8,3.1,0.8,1.1,1.0,2.0,11.7,.443,.375,.850,horfoal01
218,Talen Horton-Tucker,Projected,6.7,15.3,2.0,6.0,3.4,4.4,1.0,5.1,5.2,1.3,0.6,2.3,3.0,18.8,.438,.336,.765,hortota01
219,Caleb Houstan,Projected,3.9,9.2,2.9,7.3,1.0,1.2,1.1,4.0,1.8,0.9,0.3,0.8,2.7,11.7,.425,.393,.834,houstca01
220,Jett Howard,Projected,5.4,13.5,2.8,8.9,1.2,1.6,1.2,4.3,2.7,0.8,0.6,1.8,3.2,14.7,.401,.313,.728,howarje01
221,Kevin Huerter,Projected,5.8,13.1,2.9,8.1,1.0,1.3,0.8,4.7,3.5,1.3,0.5,1.4,2.8,15.4,.442,.354,.740,huertke01
222,Jay Huff,Projected,7.3,14.3,3.5,8.8,2.2,2.8,1.5,6.4,2.2,0.9,2.3,1.7,3.7,20.3,.512,.401,.793,huffja01
223,Ariel Hukporti,Projected,4.8,8.7,0.9,2.4,1.7,2.6,2.1,7.8,2.8,0.6,1.8,2.8,4.1,12.1,.548,.370,.641,hukpoar01
224,De'Andre Hunter,Projected,7.0,15.0,2.8,7.1,3.9,4.7,0.9,5.2,2.0,0.9,0.3,1.7,3.2,20.7,.466,.394,.842,huntede01
225,Bones Hyland,Projected,6.9,16.8,3.5,9.5,2.5,3.0,0.8,4.5,5.3,1.8,0.5,2.9,3.5,19.8,.412,.369,.838,hylanbo01
226,Oso Ighodaro,Projected,4.3,7.4,0.3,0.8,1.2,1.9,2.2,7.7,2.7,1.0,1.0,1.4,3.3,10.1,.580,.345,.635,ighodos01
227,Joe Ingles,Projected,3.5,8.3,2.1,5.3,1.0,1.2,0.7,4.5,5.7,1.2,0.2,2.2,2.9,10.0,.419,.385,.803,inglejo01
228,Brandon Ingram,Projected,8.7,18.1,1.8,5.0,3.9,4.7,0.9,5.8,5.9,0.9,0.7,3.2,2.6,23.1,.481,.366,.825,ingrabr01
229,Harrison Ingram,Projected,5.6,11.7,1.7,4.8,2.1,2.7,1.8,7.2,3.9,1.6,0.6,1.9,2.6,15.0,.479,.356,.786,ingraha01
230,Kyrie Irving,Projected,9.1,19.0,2.9,7.3,3.7,4.0,1.1,4.9,4.8,1.3,0.5,2.1,2.1,24.7,.478,.395,.905,irvinky01
231,Jonathan Isaac,Projected,5.0,11.2,1.5,4.9,2.4,3.4,3.5,10.0,1.5,1.9,2.5,1.2,2.8,13.8,.446,.299,.699,isaacjo01
232,Jaden Ivey,Projected,7.1,15.8,2.2,5.9,3.7,4.9,1.5,4.8,5.0,1.0,0.5,3.2,3.1,20.1,.451,.374,.752,iveyja01
233,Andre Jackson Jr.,Projected,3.8,7.7,1.2,3.1,0.7,1.1,2.4,6.9,3.2,1.2,0.5,2.0,4.3,9.5,.487,.391,.628,jacksan01
234,GG Jackson II,Projected,6.7,15.6,2.7,7.6,2.9,3.9,1.8,6.6,2.3,0.9,0.6,2.1,2.1,19.0,.426,.363,.758,jacksgg01
235,Isaiah Jackson,Projected,6.8,11.3,0.4,1.3,3.2,4.7,3.8,10.1,2.6,1.4,2.6,1.9,5.3,17.2,.600,.328,.688,jacksis01
236,Jaren Jackson Jr.,Projected,9.2,19.2,2.2,6.2,5.2,6.5,1.5,6.8,2.5,1.4,2.0,2.5,4.1,25.8,.480,.361,.793,jacksja02
237,Quenton Jackson,Projected,5.6,11.9,1.5,4.2,2.9,3.7,1.4,4.9,4.7,1.7,0.5,1.7,3.6,15.8,.473,.363,.782,jacksqu01
238,Reggie Jackson,Projected,5.9,14.1,2.1,6.0,1.4,1.8,0.7,3.6,5.2,1.0,0.3,2.1,3.0,15.3,.417,.343,.811,jacksre01
239,Trayce Jackson-Davis,Projected,6.9,11.3,0.2,0.6,2.3,3.9,4.2,11.0,3.5,0.9,1.7,1.7,2.9,16.2,.609,.325,.595,jackstr02
240,Bronny James,Projected,5.3,13.2,2.0,5.9,2.4,3.0,1.2,5.2,4.3,1.6,0.7,2.3,2.6,15.0,.400,.329,.792,jamesbr02
241,LeBron James,Projected,9.4,18.6,2.1,5.8,3.9,5.1,1.0,7.6,8.0,1.1,0.6,3.7,1.5,24.8,.505,.368,.761,jamesle01
242,Jaime Jaquez Jr.,Projected,5.8,12.1,1.1,3.4,2.7,3.4,1.9,6.5,4.0,1.5,0.4,2.2,2.4,15.4,.481,.327,.782,jaqueja01
243,DaQuan Jeffries,Projected,4.3,10.3,1.9,5.6,1.0,1.3,1.3,4.8,2.1,0.9,0.8,1.3,3.2,11.4,.415,.335,.775,jeffrda01
244,Trey Jemison,Projected,4.6,8.7,0.4,1.1,1.5,2.6,3.6,8.7,2.1,0.9,1.4,2.1,4.9,11.1,.532,.366,.586,jemistr01
245,Daniss Jenkins,Projected,6.1,13.6,2.0,6.2,2.3,3.2,1.5,6.3,4.1,1.1,0.6,2.0,2.8,16.5,.452,.321,.694,jenkida01
246,Ty Jerome,Projected,7.8,15.3,2.7,6.2,3.1,3.6,1.3,4.6,5.9,1.8,0.2,2.3,2.7,21.3,.510,.428,.866,jeromty01
247,Isaiah Joe,Projected,5.8,12.9,4.0,9.7,1.2,1.5,0.9,4.6,2.7,1.1,0.3,1.0,2.4,16.9,.451,.415,.826,joeis01
248,AJ Johnson,Projected,5.1,12.2,1.5,5.1,2.0,2.4,0.7,4.1,4.3,0.8,0.3,1.9,2.7,13.7,.417,.300,.848,johnsaj01
249,Cameron Johnson,Projected,6.8,14.5,3.1,7.9,3.3,3.8,1.1,5.3,3.6,1.1,0.5,1.7,2.2,19.9,.466,.389,.866,johnsca02
250,Jalen Johnson,Projected,7.2,14.1,1.3,3.9,2.4,3.2,1.6,9.7,4.5,1.4,1.0,2.4,2.3,18.1,.510,.337,.741,johnsja05
251,James Johnson,Projected,5.3,12.1,1.3,4.5,1.9,2.6,1.2,6.0,4.0,1.2,1.0,2.5,4.0,13.8,.436,.294,.723,johnsja01
252,Keldon Johnson,Projected,7.3,15.5,2.0,5.9,3.1,4.0,1.9,6.9,2.9,0.9,0.4,1.7,2.4,19.7,.473,.334,.778,johnske04
253,Keon Johnson,Projected,5.8,14.4,2.4,7.3,2.2,2.8,1.2,5.7,3.4,1.5,0.6,2.2,3.7,16.2,.404,.328,.778,johnske07
254,Keshad Johnson,Projected,6.5,11.9,1.7,4.5,2.2,3.3,1.9,8.1,3.1,1.5,1.0,1.9,3.2,16.8,.542,.382,.662,johnske10
255,Nikola Jokić,Projected,10.6,18.4,1.6,4.0,4.9,6.0,2.8,12.3,9.6,1.6,0.7,3.2,2.4,27.7,.578,.397,.806,jokicni01
256,Colby Jones,Projected,4.8,10.4,1.2,3.9,1.8,2.6,1.8,6.5,3.4,1.7,0.9,1.7,2.9,12.6,.460,.316,.688,jonesco02
257,Derrick Jones Jr.,Projected,5.6,10.9,1.6,4.4,1.8,2.5,1.8,5.2,1.4,1.4,0.8,1.3,2.8,14.5,.510,.352,.715,jonesde02
258,Dillon Jones,Projected,4.1,9.7,1.3,4.4,1.5,2.2,1.9,7.7,3.9,1.1,0.4,1.9,3.3,10.9,.418,.291,.674,jonesdi01
259,Herbert Jones,Projected,4.6,9.6,1.5,4.1,2.1,2.5,1.3,4.5,3.3,1.8,0.8,1.6,3.5,12.7,.476,.375,.832,joneshe01
260,Isaac Jones,Projected,6.4,11.1,1.0,2.6,2.7,3.9,2.3,6.8,2.3,0.8,1.0,2.0,3.2,16.5,.578,.370,.686,jonesis01
261,Kai Jones,Projected,6.4,9.5,0.5,1.7,1.9,2.6,2.7,8.8,2.3,1.2,1.6,1.6,3.6,15.2,.672,.329,.743,joneska01
262,Mason Jones,Projected,6.2,13.3,1.8,5.9,2.6,3.4,1.6,6.7,5.1,1.0,0.7,1.9,2.8,16.8,.467,.305,.773,jonesma05
263,Spencer Jones,Projected,5.0,11.8,1.3,5.3,1.8,2.2,2.0,6.0,2.9,1.3,1.0,1.8,3.6,13.1,.424,.247,.822,jonessp01
264,Tre Jones,Projected,5.4,10.5,1.0,2.8,2.1,2.5,1.1,4.9,7.7,1.4,0.3,1.7,1.9,13.8,.509,.350,.838,jonestr01
265,Tyus Jones,Projected,5.4,11.9,2.5,6.0,0.9,1.1,0.6,3.5,7.5,1.2,0.2,1.5,1.0,14.2,.459,.407,.846,jonesty01
266,DeAndre Jordan,Projected,5.0,8.3,0.3,0.8,1.7,3.5,3.9,13.1,2.8,0.8,1.3,2.2,4.0,12.0,.603,.354,.479,jordade01
267,Cory Joseph,Projected,4.0,9.8,2.1,5.9,1.2,1.5,1.0,4.3,4.6,1.2,0.3,1.4,2.9,11.3,.411,.356,.764,josepco01
268,Nikola Jović,Projected,5.5,11.8,2.5,6.4,2.1,2.6,1.0,6.4,4.0,1.2,0.5,1.8,2.7,15.6,.468,.386,.811,jovicni01
269,Johnny Juzang,Projected,5.8,13.2,3.2,8.4,1.4,1.7,1.2,5.3,2.2,1.0,0.3,1.1,3.3,16.2,.442,.382,.824,juzanjo01
270,Yuki Kawamura,Projected,5.6,12.7,2.3,6.8,2.6,3.4,1.1,6.0,5.3,1.1,0.5,2.0,2.8,16.1,.442,.341,.785,kawamyu01
271,Kylor Kelley,Projected,5.3,10.3,1.2,3.2,2.2,3.1,2.4,8.5,2.9,0.8,0.8,1.7,3.4,13.9,.512,.361,.708,kelleky01
272,Luke Kennard,Projected,5.1,10.9,3.0,6.9,1.4,1.5,0.8,4.5,4.8,1.1,0.2,1.8,1.6,14.6,.471,.438,.881,kennalu01
273,Walker Kessler,Projected,5.9,8.9,0.2,0.8,1.6,2.9,4.9,13.5,2.0,0.8,3.1,1.7,2.9,13.6,.658,.256,.559,kesslwa01
274,Braxton Key,Projected,5.6,12.8,1.7,4.8,3.1,4.4,1.7,7.1,3.9,1.4,0.7,1.9,2.7,16.1,.441,.354,.714,keybr01
275,Corey Kispert,Projected,6.1,12.8,2.9,7.5,1.8,2.3,0.7,4.1,2.5,0.7,0.3,1.5,2.2,16.8,.473,.380,.799,kispeco01
276,Maxi Kleber,Projected,2.8,6.7,1.1,3.6,1.2,1.7,1.3,5.6,2.6,0.6,1.0,1.3,3.5,8.0,.420,.316,.736,klebima01
277,Bobi Klintman,Projected,6.1,12.4,2.0,5.3,2.2,3.0,1.5,6.6,4.5,1.4,0.8,1.8,3.5,16.5,.498,.378,.756,klintbo01
278,Dalton Knecht,Projected,6.3,13.4,3.0,7.9,1.7,2.2,1.0,5.4,1.9,0.7,0.3,1.0,2.3,17.3,.470,.383,.770,knechda01
279,Kevin Knox,Projected,6.1,12.8,2.1,6.1,1.9,2.3,1.5,6.0,2.1,0.9,0.7,1.7,3.1,16.1,.474,.338,.807,knoxke01
280,Tyler Kolek,Projected,4.4,11.1,1.8,5.6,2.0,2.5,1.2,4.5,7.0,1.4,0.6,2.1,3.0,12.6,.396,.327,.778,kolekty01
281,Christian Koloko,Projected,4.6,8.6,0.5,1.7,1.6,2.2,3.2,8.6,2.2,1.0,1.6,1.4,4.3,11.3,.536,.301,.723,kolokch01
282,John Konchar,Projected,3.2,7.1,1.4,4.1,0.8,1.0,2.1,8.3,3.0,1.7,1.1,1.3,2.4,8.5,.441,.345,.816,konchjo01
283,Luke Kornet,Projected,5.1,7.9,0.2,0.5,1.8,2.4,4.5,9.7,3.0,0.9,1.9,0.9,3.1,12.2,.647,.326,.744,kornelu01
284,Vit Krejci,Projected,4.5,9.2,2.6,6.0,1.0,1.4,0.8,4.9,4.3,1.1,0.7,1.6,3.2,12.7,.496,.430,.736,krejcvi01
285,Jonathan Kuminga,Projected,8.1,16.3,1.3,4.0,4.3,6.1,1.8,6.8,3.3,1.1,0.7,2.2,3.0,21.9,.499,.329,.707,kuminjo01
286,Kyle Kuzma,Projected,7.8,17.5,2.1,6.4,2.6,3.7,1.0,7.0,3.5,0.7,0.5,2.8,2.3,20.3,.447,.321,.693,kuzmaky01
287,Jock Landale,Projected,5.7,11.1,0.8,2.5,2.3,3.1,3.8,8.9,2.9,0.9,1.0,1.7,3.6,14.6,.515,.335,.740,landajo01
288,Jake LaRavia,Projected,4.7,10.2,1.8,4.6,2.5,3.4,2.3,6.7,3.8,1.5,0.6,2.2,3.3,13.7,.457,.395,.737,laravja01
289,Pelle Larsson,Projected,4.5,10.0,1.6,4.6,2.0,2.9,1.4,4.7,3.2,1.5,0.4,1.3,3.9,12.7,.453,.349,.700,larsspe01
290,Zach LaVine,Projected,8.3,16.7,3.0,7.2,3.4,4.1,0.4,4.6,4.2,0.8,0.2,2.7,1.9,23.1,.497,.421,.829,lavinza01
291,A.J. Lawson,Projected,6.2,13.9,2.2,6.8,2.8,4.0,1.6,6.4,2.6,1.1,0.5,1.4,3.0,17.3,.443,.329,.693,lawsoaj01
292,Damion Lee,Projected,5.7,13.5,2.3,6.6,3.0,3.4,1.1,5.6,2.9,1.0,0.3,2.1,2.5,16.7,.419,.348,.885,leeda03
293,Alex Len,Projected,4.0,7.7,0.5,1.6,1.4,2.3,3.3,8.9,3.7,0.9,1.9,2.1,4.9,9.9,.517,.305,.607,lenal01
294,Kawhi Leonard,Projected,9.1,18.1,2.2,5.5,3.5,4.1,1.2,6.5,3.7,1.7,0.7,2.0,1.7,24.0,.503,.405,.847,leonaka01
295,Malevy Leons,Projected,5.6,12.2,1.8,5.2,2.6,3.7,1.7,6.5,3.7,1.1,0.7,2.1,3.2,15.6,.457,.350,.724,leonsma01
296,Caris LeVert,Projected,6.1,13.8,2.2,6.1,2.5,3.5,0.9,4.8,5.2,1.3,0.7,1.9,2.3,17.0,.445,.357,.731,leverca01
297,Maxwell Lewis,Projected,5.1,11.9,1.9,5.3,1.3,1.8,1.8,5.9,2.7,1.1,0.7,1.9,2.9,13.5,.431,.368,.751,lewisma05
298,E.J. Liddell,Projected,5.9,12.4,1.9,5.9,2.3,2.8,1.7,6.6,3.4,1.2,0.8,2.0,3.8,16.0,.475,.327,.821,liddeej01
299,Damian Lillard,Projected,7.6,17.5,3.2,9.0,6.3,6.9,0.6,4.6,6.9,1.1,0.2,2.8,1.8,24.8,.435,.361,.915,lillada01
300,Dereck Lively II,Projected,6.1,8.8,0.2,0.6,1.8,2.8,4.0,11.0,3.0,1.0,2.2,1.6,3.9,14.3,.695,.361,.622,livelde01
301,Chris Livingston,Projected,5.0,11.3,1.1,4.0,2.9,3.8,2.2,8.8,3.0,1.3,0.4,2.0,3.1,14.1,.448,.280,.773,livinch01
302,Kevon Looney,Projected,4.5,8.4,0.2,0.5,1.8,2.9,5.0,13.3,3.8,1.2,1.0,1.3,4.6,11.0,.541,.362,.614,looneke01
303,Brook Lopez,Projected,5.6,11.4,2.0,5.5,1.7,2.1,1.7,5.9,2.0,0.7,2.3,1.3,2.7,14.9,.494,.362,.811,lopezbr01
304,Kevin Love,Projected,5.7,14.2,3.0,8.8,2.7,3.5,2.2,11.7,3.8,1.0,0.5,2.0,3.3,17.2,.405,.339,.773,loveke01
305,Kyle Lowry,Projected,3.3,8.3,1.9,5.4,1.6,2.0,0.8,4.2,5.2,1.4,0.5,1.7,3.2,10.1,.401,.352,.822,lowryky01
306,Trey Lyles,Projected,4.5,10.4,2.3,6.5,1.7,2.4,2.0,8.2,2.3,0.9,0.6,1.2,2.5,13.0,.433,.353,.722,lylestr01
307,Sandro Mamukelashvili,Projected,6.8,13.9,2.6,7.1,2.3,3.0,3.2,9.9,3.1,1.0,0.9,1.5,3.0,18.5,.490,.360,.744,mamuksa01
308,Terance Mann,Projected,5.2,10.3,1.5,4.1,1.4,1.9,1.7,5.1,2.9,1.0,0.4,1.2,3.0,13.3,.502,.362,.755,mannte01
309,Tre Mann,Projected,6.4,14.2,2.2,5.8,1.9,2.3,1.1,5.2,5.0,1.4,0.3,2.3,2.3,16.8,.448,.375,.812,manntr01
310,Lauri Markkanen,Projected,7.8,17.2,3.3,8.9,4.4,5.0,2.0,7.7,2.0,0.9,0.5,1.7,2.0,23.2,.453,.368,.880,markkla01
311,Naji Marshall,Projected,6.2,12.6,1.3,4.2,2.4,3.0,1.4,6.3,3.8,1.3,0.3,2.0,2.2,16.0,.491,.308,.804,marshna01
312,Caleb Martin,Projected,4.4,10.2,1.4,3.9,1.7,2.5,1.5,5.6,2.8,1.2,0.6,1.6,2.6,11.9,.434,.353,.695,martica02
313,Cody Martin,Projected,4.3,10.4,1.4,4.6,1.4,1.9,1.5,6.5,3.7,1.6,0.9,1.7,2.8,11.3,.415,.297,.697,martico01
314,Jaylen Martin,Projected,5.4,12.0,1.5,4.3,1.9,2.3,1.7,6.8,3.2,1.3,0.3,1.9,2.3,14.2,.453,.345,.835,martija02
315,KJ Martin,Projected,5.1,9.3,0.8,2.6,1.7,2.4,1.6,5.9,2.2,0.8,0.7,1.3,3.7,12.7,.549,.301,.716,martike04
316,Tyrese Martin,Projected,5.3,12.8,2.6,7.4,1.4,1.8,1.6,6.1,3.4,1.0,0.3,2.0,2.2,14.7,.417,.355,.795,martity01
317,Garrison Mathews,Projected,4.3,10.4,3.3,8.3,2.3,2.8,0.7,3.9,2.3,1.0,0.5,1.2,3.6,14.2,.417,.397,.819,mathega01
318,Bennedict Mathurin,Projected,6.8,14.6,1.7,4.9,4.7,5.6,1.5,6.2,2.5,0.8,0.4,2.2,2.7,20.0,.463,.356,.833,mathube01
319,Karlo Matković,Projected,6.3,11.2,1.2,3.4,1.7,2.2,2.7,9.1,2.5,1.1,1.7,2.0,4.4,15.4,.560,.337,.781,matkoka01
320,Tyrese Maxey,Projected,8.7,19.2,2.9,8.1,4.4,5.1,0.4,3.5,5.7,1.3,0.4,1.9,2.1,24.7,.452,.362,.873,maxeyty01
321,Miles McBride,Projected,5.2,12.3,2.6,6.9,1.3,1.6,1.0,3.6,3.9,1.5,0.4,1.0,2.6,14.4,.426,.382,.813,mcbrimi01
322,Jared McCain,Projected,7.6,15.9,2.9,7.5,3.0,3.4,1.0,4.2,3.8,1.0,0.2,2.2,2.3,21.0,.475,.393,.862,mccaija01
323,Mac McClung,Projected,6.0,13.1,1.9,5.5,2.5,3.2,1.6,6.5,4.4,1.1,0.7,2.0,3.1,16.3,.457,.349,.772,mccluma01
324,CJ McCollum,Projected,8.2,18.6,3.4,8.7,2.3,3.0,0.8,4.4,4.7,1.0,0.5,2.1,2.3,22.1,.442,.387,.748,mccolcj01
325,T.J. McConnell,Projected,8.1,15.5,0.5,1.5,1.5,1.9,1.1,5.1,9.1,2.0,0.4,2.9,2.2,18.2,.524,.347,.763,mccontj01
326,Kevin McCullar Jr.,Projected,5.8,12.6,1.7,4.9,2.6,3.2,1.4,7.2,3.8,1.2,0.8,1.8,3.4,15.8,.457,.354,.811,mcculke01
327,Jaden McDaniels,Projected,5.5,11.3,1.5,4.2,1.4,1.8,1.5,5.7,2.2,1.4,1.0,1.4,3.3,13.9,.489,.345,.788,mcdanja02
328,Jalen McDaniels,Projected,5.1,12.2,1.3,4.6,2.1,2.7,1.3,6.0,2.8,1.4,0.6,1.9,3.5,13.7,.419,.280,.788,mcdanja01
329,Doug McDermott,Projected,5.4,12.5,3.6,8.9,0.9,1.3,0.6,3.2,2.3,0.6,0.2,1.2,2.9,15.4,.437,.410,.702,mcderdo01
330,Bryce McGowens,Projected,4.6,10.4,1.4,4.3,2.9,3.6,1.0,4.7,2.6,0.9,0.5,1.6,2.8,13.5,.442,.335,.784,mcgowbr01
331,Jordan McLaughlin,Projected,4.2,9.1,2.1,5.1,1.5,2.0,1.0,4.2,5.9,1.7,0.3,1.6,2.0,11.9,.456,.412,.769,mclaujo01
332,Jack McVeigh,Projected,5.8,13.5,2.3,6.7,2.0,2.6,1.7,6.1,3.3,1.0,0.9,2.0,2.7,15.9,.429,.342,.780,mcveija01
333,De'Anthony Melton,Projected,5.2,12.5,2.7,7.3,1.9,2.4,1.2,5.4,3.9,2.0,0.6,1.7,3.3,15.0,.415,.372,.796,meltode01
334,Sam Merrill,Projected,4.8,11.7,3.7,9.8,0.9,1.0,1.0,4.2,3.1,1.2,0.3,0.9,3.0,14.2,.409,.380,.909,merrisa01
335,Vasilije Micić,Projected,4.7,12.2,1.8,5.3,1.8,2.2,0.8,3.8,6.4,0.8,0.2,3.2,2.2,13.0,.388,.329,.813,micicva01
336,Khris Middleton,Projected,7.1,15.0,2.1,5.9,2.8,3.3,0.8,6.0,6.4,1.3,0.4,2.7,3.3,19.1,.473,.360,.843,middlkh01
337,Brandon Miller,Projected,7.5,17.2,3.3,8.9,2.4,2.9,1.0,5.1,3.3,1.1,0.7,2.3,2.8,20.7,.435,.373,.843,millebr02
338,Emanuel Miller,Projected,6.2,13.1,1.8,5.0,2.6,3.2,2.2,7.3,3.9,1.3,0.6,1.8,2.9,16.8,.477,.353,.809,milleem01
339,Jordan Miller,Projected,5.4,12.0,1.1,3.9,2.5,3.1,1.9,5.5,3.2,1.4,0.5,2.2,2.4,14.3,.450,.278,.801,millejo02
340,Leonard Miller,Projected,6.8,13.8,1.7,5.2,3.3,3.9,2.1,8.4,3.7,1.4,0.8,1.9,2.7,18.6,.491,.320,.849,millele01
341,Dariq Whitehead,Projected,6.0,13.5,3.7,8.6,1.3,1.8,1.0,5.4,2.8,1.0,0.4,2.0,2.9,16.9,.440,.431,.734,whiteda01
342,Patty Mills,Projected,4.6,11.8,2.5,7.6,1.5,1.8,0.8,3.5,3.2,1.4,0.3,1.8,2.7,13.2,.388,.325,.865,millspa02
343,Shake Milton,Projected,5.2,11.5,1.5,4.3,2.2,2.7,1.2,4.7,4.4,1.0,0.3,1.9,3.0,14.0,.449,.348,.807,miltosh01
344,Justin Minaya,Projected,3.8,9.4,1.3,4.6,1.1,1.7,2.1,5.4,2.8,1.2,0.8,1.5,3.3,10.0,.403,.289,.661,minayju01
345,Riley Minix,Projected,6.0,13.0,2.0,5.6,2.4,3.1,1.6,6.8,3.8,1.2,0.7,2.0,2.6,16.5,.466,.352,.783,minixri01
346,Josh Minott,Projected,6.1,12.5,1.9,5.3,2.6,3.1,1.6,6.6,3.0,1.7,1.4,1.6,3.7,16.8,.490,.351,.857,minotjo01
347,Yves Missi,Projected,5.2,9.4,0.2,0.5,2.4,3.7,4.6,11.0,2.0,0.7,1.8,1.5,2.6,13.0,.552,.357,.647,missiyv01
348,Ajay Mitchell,Projected,5.8,11.6,1.6,4.0,2.0,2.4,1.2,4.7,4.0,1.5,0.4,1.8,3.7,15.0,.498,.386,.819,mitchaj01
349,Davion Mitchell,Projected,4.3,9.2,1.6,4.2,1.1,1.5,0.7,3.2,5.8,1.1,0.3,2.0,3.1,11.3,.466,.382,.712,mitchda01
350,Donovan Mitchell,Projected,9.3,20.6,3.6,9.6,4.8,5.7,0.9,5.1,5.6,1.6,0.4,2.5,2.3,26.9,.452,.369,.837,mitchdo01
351,Evan Mobley,Projected,8.0,14.2,1.1,3.0,3.4,4.7,2.7,10.7,3.7,1.0,1.8,2.2,2.6,20.6,.566,.368,.726,mobleev01
352,Isaiah Mobley,Projected,5.9,13.1,1.9,5.2,2.1,2.8,1.6,6.6,4.1,1.2,0.8,1.6,3.1,15.8,.451,.355,.742,mobleis01
353,Jonathan Mogbo,Projected,4.7,10.3,0.7,2.4,1.8,2.4,2.9,8.6,4.1,1.5,0.9,1.9,3.6,11.8,.450,.280,.744,mogbojo01
354,Malik Monk,Projected,7.3,16.5,2.6,7.6,3.0,3.5,0.6,4.4,6.5,1.0,0.7,2.8,2.8,20.2,.444,.338,.854,monkma01
355,Moses Moody,Projected,5.7,12.5,2.6,6.9,2.3,2.9,1.4,4.9,2.2,1.3,0.7,1.3,2.6,16.3,.454,.379,.796,moodymo01
356,Taze Moore,Projected,6.1,14.1,1.9,5.7,2.3,3.1,2.4,7.4,3.8,1.5,0.6,2.3,2.6,16.4,.433,.327,.736,mooreta02
357,Wendell Moore Jr.,Projected,4.8,10.1,1.2,3.6,1.5,1.9,1.9,6.7,3.3,1.5,0.5,2.0,2.4,12.3,.476,.332,.808,moorewe01
358,Ja Morant,Projected,9.5,20.5,2.0,6.4,6.1,7.5,0.9,5.3,8.4,1.4,0.3,4.0,2.5,27.0,.462,.313,.811,moranja01
359,Markieff Morris,Projected,4.9,13.4,2.1,6.8,1.5,1.8,1.0,6.0,3.7,0.8,0.6,1.7,3.2,13.5,.368,.315,.809,morrima02
360,Monte Morris,Projected,5.2,12.0,1.9,5.2,1.9,2.3,0.8,4.6,5.1,1.2,0.4,1.3,1.6,14.2,.438,.368,.818,morrimo01
361,Trey Murphy III,Projected,6.8,14.8,3.2,8.4,3.4,3.9,1.0,5.4,3.2,1.1,0.7,1.5,2.0,20.2,.461,.377,.871,murphtr02
362,Dejounte Murray,Projected,7.9,18.0,2.2,6.4,2.9,3.6,0.8,6.0,6.8,1.7,0.4,2.9,1.9,20.8,.438,.339,.808,murrade01
363,Jamal Murray,Projected,8.1,17.2,2.5,6.2,3.1,3.6,0.8,4.2,6.3,1.3,0.5,2.2,2.0,21.9,.474,.400,.870,murraja01
364,Keegan Murray,Projected,5.5,12.1,2.4,6.5,1.1,1.3,1.8,6.6,1.7,0.9,0.9,0.9,2.6,14.4,.455,.361,.826,murrake02
365,Kris Murray,Projected,4.2,10.0,1.2,4.5,1.1,1.9,2.4,6.3,2.4,1.3,0.6,1.5,2.4,10.7,.423,.260,.568,murrakr01
366,Svi Mykhailiuk,Projected,5.6,13.7,3.2,8.9,1.4,1.8,1.1,4.6,3.6,1.0,0.3,2.1,2.1,15.8,.408,.359,.772,mykhasv01
367,Larry Nance Jr.,Projected,5.1,9.5,1.4,3.4,1.3,1.8,2.3,8.4,3.2,1.6,0.8,1.4,3.0,12.9,.534,.415,.741,nancela02
368,Pete Nance,Projected,5.0,10.9,2.2,5.7,1.5,2.0,1.4,6.1,3.2,0.9,0.6,1.6,3.4,13.5,.454,.379,.710,nancepe01
369,Andrew Nembhard,Projected,5.1,10.8,1.2,3.7,1.7,2.1,0.7,3.9,6.1,1.4,0.2,2.1,2.9,13.0,.472,.324,.797,nembhan01
370,Aaron Nesmith,Projected,5.9,11.9,2.6,6.1,2.2,2.6,1.2,5.5,2.0,1.1,0.7,1.3,4.0,16.6,.495,.418,.847,nesmiaa01
371,Tristen Newton,Projected,6.0,13.7,1.9,5.7,2.5,3.2,1.9,6.9,4.1,1.3,0.7,2.3,3.3,16.3,.436,.330,.799,newtotr01
372,Georges Niang,Projected,5.8,12.8,3.2,8.3,1.1,1.3,0.8,5.6,2.3,0.6,0.3,1.6,4.0,15.9,.453,.392,.810,niangge01
373,Daishen Nix,Projected,4.8,11.4,1.9,5.7,2.0,2.7,1.1,5.3,4.7,1.3,0.5,3.0,2.5,13.5,.423,.331,.713,nixda01
374,Zeke Nnaji,Projected,4.7,9.4,1.0,3.0,2.0,3.1,2.5,6.3,1.9,1.3,2.0,1.3,4.0,12.4,.496,.326,.667,nnajize01
375,Miles Norris,Projected,5.6,12.6,2.1,5.9,2.3,3.0,1.7,7.1,3.3,1.4,0.8,1.7,2.3,15.5,.442,.350,.752,norrimi01
376,Jaylen Nowell,Projected,6.6,15.3,1.7,5.8,2.0,2.6,1.2,5.0,3.8,0.9,0.5,1.8,2.6,16.9,.431,.300,.750,nowelja01
377,Jusuf Nurkić,Projected,5.7,11.7,0.8,2.8,2.9,4.4,3.2,13.2,4.4,1.3,1.2,3.1,4.4,15.2,.491,.301,.657,nurkiju01
378,Royce O'Neale,Projected,4.4,10.7,3.1,8.0,0.5,0.7,1.1,6.7,3.6,1.2,0.7,1.4,3.1,12.4,.411,.389,.725,onealro01
379,Jahlil Okafor,Projected,6.1,13.1,2.0,5.5,2.5,3.2,1.6,6.6,4.1,1.2,0.7,2.1,2.7,16.6,.465,.358,.778,okafoja01
380,Chuma Okeke,Projected,4.1,9.6,1.9,5.8,1.0,1.4,2.3,7.2,2.7,1.0,0.7,1.3,1.8,11.2,.430,.333,.737,okekech01
381,Josh Okogie,Projected,4.7,10.7,1.6,4.7,3.3,4.4,2.6,6.3,2.4,2.1,0.9,1.7,2.7,14.2,.435,.340,.745,okogijo01
382,Onyeka Okongwu,Projected,6.5,11.2,0.8,2.3,2.8,3.6,3.8,11.0,2.7,1.1,1.3,1.5,3.6,16.6,.581,.335,.773,okongon01
383,Isaac Okoro,Projected,4.5,9.3,1.8,4.6,1.6,2.2,1.5,4.4,2.5,1.1,0.6,1.0,3.1,12.3,.483,.382,.716,okorois01
384,Quincy Olivari,Projected,6.2,13.6,2.1,6.3,2.4,3.1,1.6,6.3,4.0,1.2,0.7,2.2,2.6,16.9,.455,.341,.785,olivaqu01
385,Kelly Olynyk,Projected,5.5,10.7,1.4,3.5,3.2,4.0,2.2,8.0,5.7,1.3,0.7,3.1,4.7,15.5,.512,.390,.802,olynyke01
386,Kelly Oubre Jr.,Projected,6.4,14.1,1.5,5.0,2.7,3.6,1.6,6.2,1.9,1.5,0.6,1.5,3.2,17.0,.455,.304,.751,oubreke01
387,Chris Paul,Projected,4.3,10.1,2.0,5.6,1.4,1.6,0.5,4.8,9.0,1.6,0.3,2.0,2.5,12.0,.423,.364,.874,paulch01
388,Cameron Payne,Projected,5.9,14.3,2.9,7.8,1.7,2.0,0.6,3.6,6.2,1.2,0.5,1.9,3.5,16.4,.414,.368,.862,payneca01
389,Elfrid Payton,Projected,3.6,9.8,0.5,1.7,0.8,1.2,1.2,5.8,9.7,1.6,0.8,3.7,2.6,8.6,.372,.321,.712,paytoel01
390,Gary Payton II,Projected,6.2,11.1,1.2,3.7,1.1,1.6,2.1,6.8,3.1,1.9,0.7,1.6,4.1,14.7,.553,.340,.708,paytoga02
391,Drew Peterson,Projected,4.8,10.4,2.4,6.1,1.9,2.4,1.7,7.1,3.2,1.2,0.5,1.8,3.1,13.8,.457,.392,.782,peterdr01
392,Julian Phillips,Projected,4.4,9.6,1.7,4.9,2.0,2.5,2.0,5.5,1.6,1.2,0.7,1.0,3.4,12.4,.458,.341,.786,phillju01
393,Jalen Pickett,Projected,4.6,10.4,2.2,5.6,0.8,1.0,0.9,4.4,5.5,1.1,0.3,1.5,2.3,12.2,.441,.390,.769,pickeja02
394,Scotty Pippen Jr.,Projected,6.3,12.9,1.9,4.8,2.7,3.7,1.4,5.6,7.1,2.2,0.7,3.0,4.1,17.1,.486,.402,.726,pippesc02
395,Daeqwon Plowden,Projected,6.8,13.1,2.8,6.5,2.1,2.6,1.8,6.3,3.1,0.9,0.5,2.1,3.4,18.4,.519,.429,.806,plowdda01
396,Mason Plumlee,Projected,4.2,7.0,0.2,0.5,2.7,4.1,3.2,11.9,3.6,0.9,1.1,1.8,4.0,11.2,.593,.278,.659,plumlma01
397,Brandin Podziemski,Projected,5.7,12.4,2.2,5.6,1.4,1.9,1.7,7.3,4.8,1.4,0.3,1.6,2.1,15.0,.461,.386,.736,podzibr01
398,Jakob Poeltl,Projected,7.4,11.9,0.1,0.4,2.0,3.1,3.9,11.4,3.5,1.3,1.6,2.3,3.8,16.9,.621,.356,.641,poeltja01
399,Jordan Poole,Projected,8.0,18.5,3.6,9.9,4.0,4.5,0.6,3.6,5.4,1.4,0.5,3.3,3.5,23.5,.431,.363,.878,poolejo01
400,Craig Porter Jr.,Projected,5.8,11.3,1.3,3.2,2.0,2.7,1.3,5.5,5.4,1.2,0.9,2.5,2.0,14.8,.510,.406,.740,portecr01
401,Kevin Porter Jr.,Projected,7.1,15.6,1.6,4.8,3.2,4.2,1.1,6.6,6.1,1.8,0.4,3.2,2.8,19.0,.456,.334,.777,porteke02
402,Michael Porter Jr.,Projected,7.4,14.8,2.9,7.2,1.9,2.4,1.7,7.6,2.1,0.7,0.6,1.4,2.2,19.4,.497,.398,.785,portemi01
403,Bobby Portis,Projected,8.0,16.5,1.8,4.9,1.8,2.3,2.6,11.3,2.5,1.0,0.6,1.7,2.9,19.6,.482,.378,.804,portibo01
404,Kristaps Porziņģis,Projected,8.1,16.5,2.6,6.7,5.0,6.1,2.0,8.5,2.7,0.9,1.9,1.8,3.4,24.0,.493,.393,.831,porzikr01
405,Quinten Post,Projected,6.5,14.2,3.5,8.6,1.4,1.8,1.8,7.6,3.2,0.9,0.9,1.8,4.0,17.9,.458,.407,.784,postqu01
406,Micah Potter,Projected,3.6,8.1,1.7,5.0,1.2,1.4,2.1,8.1,2.0,0.8,0.8,1.6,2.6,10.1,.445,.338,.813,pottemi01
407,Dwight Powell,Projected,3.6,5.7,0.3,0.8,2.3,3.4,3.3,7.9,3.3,1.1,1.0,1.4,4.7,9.8,.629,.353,.683,poweldw01
408,Norman Powell,Projected,7.7,16.1,3.1,7.4,3.5,4.4,0.4,3.7,2.1,1.1,0.3,1.8,2.3,22.0,.479,.415,.807,powelno01
409,Taurean Prince,Projected,4.2,9.3,2.4,5.7,0.9,1.1,0.5,4.5,2.5,1.1,0.4,1.4,2.7,11.6,.451,.416,.787,princta02
410,Payton Pritchard,Projected,6.3,13.4,3.6,9.0,1.1,1.4,1.5,5.0,4.7,1.0,0.2,1.4,2.0,17.3,.469,.400,.832,pritcpa01
411,Olivier-Maxence Prosper,Projected,4.8,11.2,1.1,3.8,3.0,4.4,2.6,7.8,2.8,1.4,0.5,1.1,2.0,13.6,.423,.288,.678,prospol01
412,Zyon Pullin,Projected,6.2,13.3,2.0,5.5,2.5,3.2,1.7,6.6,4.0,1.2,0.7,2.1,2.7,16.9,.468,.368,.785,pullizy01
413,Trevelin Queen,Projected,4.8,12.1,1.7,5.9,1.8,2.2,1.9,5.1,3.5,2.1,0.9,1.9,3.1,13.2,.400,.291,.818,queentr01
414,Neemias Queta,Projected,5.9,9.6,0.3,0.9,2.0,2.7,3.7,9.9,2.2,0.9,1.7,1.7,4.3,14.1,.618,.328,.752,quetane01
415,Immanuel Quickley,Projected,7.0,16.1,3.1,7.9,3.8,4.5,0.6,4.9,6.2,1.0,0.2,2.0,2.3,20.9,.436,.387,.853,quickim01
416,Lester Quiñones,Projected,5.9,13.8,2.5,7.4,2.2,2.9,1.5,5.7,4.0,0.8,0.4,2.1,3.4,16.5,.425,.343,.773,quinole01
417,Julius Randle,Projected,7.7,16.3,1.9,5.6,4.6,5.8,2.2,8.4,5.0,0.7,0.3,3.2,2.9,21.9,.474,.335,.789,randlju01
418,Duop Reath,Projected,6.2,13.8,2.5,7.3,1.9,2.4,2.8,7.1,2.3,1.0,1.1,1.5,3.9,16.8,.448,.342,.793,reathdu01
419,Austin Reaves,Projected,6.5,13.7,2.5,6.6,4.1,4.7,0.9,4.7,5.8,1.0,0.3,2.4,2.1,19.5,.473,.376,.869,reaveau01
420,Cam Reddish,Projected,3.5,8.3,1.2,3.8,1.5,2.1,1.1,4.1,1.9,1.8,0.6,1.1,2.5,9.7,.422,.322,.735,reddica01
421,Paul Reed,Projected,6.0,11.3,0.7,1.9,1.9,2.6,3.9,10.5,2.9,2.0,1.9,1.8,4.9,14.5,.529,.340,.750,reedpa01
422,Alex Reese,Projected,5.2,10.9,2.3,6.3,2.0,2.5,1.6,7.3,2.1,1.5,1.3,1.5,3.2,14.7,.478,.367,.770,reeseal01
423,Antonio Reeves,Projected,6.2,13.5,2.7,6.7,1.7,2.2,1.1,4.1,2.5,1.2,0.3,1.7,2.3,16.9,.464,.395,.798,reevean01
424,Naz Reid,Projected,7.2,15.2,2.9,7.3,2.0,2.6,1.5,7.9,2.7,1.0,1.2,1.9,3.2,19.3,.475,.390,.759,reidna01
425,Jared Rhoden,Projected,6.0,12.4,1.8,5.4,2.5,3.0,1.6,6.3,2.8,1.2,0.8,1.5,3.3,16.2,.482,.340,.829,rhodeja01
426,Nick Richards,Projected,5.7,9.3,0.1,0.4,3.2,4.2,3.8,12.0,1.4,0.5,1.5,2.0,3.8,14.7,.612,.333,.744,richani01
427,Josh Richardson,Projected,5.0,11.7,2.1,6.1,1.7,1.9,0.9,4.2,3.5,1.2,0.5,1.6,2.8,13.7,.426,.342,.885,richajo01
428,Zaccharie Risacher,Projected,7.1,15.0,2.4,6.6,2.2,3.0,1.7,5.5,2.0,1.1,0.7,1.8,2.8,18.9,.475,.370,.730,risacza01
429,Liam Robbins,Projected,5.0,11.2,1.5,4.5,2.7,4.0,2.4,6.9,3.3,1.2,0.9,2.5,3.5,14.2,.446,.338,.671,robbili01
430,Duncan Robinson,Projected,5.8,13.1,3.6,9.3,1.2,1.4,0.4,3.5,3.5,0.8,0.2,1.8,2.9,16.3,.438,.388,.874,robindu01
431,Mitchell Robinson,Projected,4.4,7.4,0.3,0.8,1.6,2.9,5.7,11.6,1.6,1.6,1.9,1.3,3.0,10.6,.590,.365,.554,robinmi01
432,Orlando Robinson,Projected,5.4,11.6,1.0,2.7,2.5,3.2,3.7,9.8,3.7,0.9,0.8,2.2,4.3,14.2,.463,.357,.772,robinor01
433,Jeremiah Robinson-Earl,Projected,4.9,10.5,1.7,4.8,1.5,1.8,3.0,8.8,2.6,1.1,0.3,1.5,2.4,12.9,.464,.347,.821,robinje02
434,David Roddy,Projected,5.3,12.0,1.7,5.3,1.7,2.3,1.5,6.7,2.7,1.0,0.6,1.8,2.2,13.9,.439,.316,.730,roddyda01
435,Ryan Rollins,Projected,6.0,12.1,2.1,5.2,2.0,2.4,1.1,5.2,4.6,1.9,0.8,2.4,3.6,16.1,.494,.414,.800,rolliry01
436,Jackson Rowe,Projected,6.0,12.9,2.0,5.9,2.4,3.4,1.8,6.8,3.7,1.6,0.6,1.8,2.8,16.5,.467,.343,.699,roweja01
437,Terry Rozier,Projected,6.5,15.6,2.3,7.0,2.4,2.9,0.9,4.8,4.6,1.0,0.3,1.8,1.8,17.6,.413,.322,.847,roziete01
438,Rayan Rupert,Projected,4.5,10.8,1.5,4.7,1.7,2.2,1.8,5.7,2.9,1.1,0.3,2.0,2.9,12.2,.415,.330,.779,ruperra01
439,D'Angelo Russell,Projected,6.6,15.4,2.9,8.1,2.7,3.2,0.5,3.8,6.9,1.2,0.5,2.5,2.5,18.7,.427,.361,.828,russeda01
440,Matt Ryan,Projected,5.2,12.5,3.0,7.7,1.6,2.0,0.8,4.7,2.5,0.8,0.3,1.7,2.6,15.2,.421,.395,.842,ryanma01
441,Domantas Sabonis,Projected,7.7,13.1,0.8,1.9,3.4,4.7,3.7,13.7,6.9,0.8,0.5,3.1,3.3,19.6,.588,.402,.735,sabondo01
442,Tidjane Salaün,Projected,3.8,10.3,1.8,5.8,2.1,2.8,2.0,8.2,2.4,0.9,0.5,1.7,2.4,11.4,.366,.305,.736,salauti01
443,Adama Sanogo,Projected,6.7,13.4,1.5,4.0,2.6,3.5,3.7,9.0,3.2,1.0,0.6,2.1,2.6,17.4,.498,.372,.757,sanogad01
444,Gui Santos,Projected,4.5,9.4,1.7,5.0,1.7,2.3,3.2,8.1,3.8,1.2,0.5,1.9,4.0,12.4,.476,.349,.752,santogu01
445,Dario Šarić,Projected,5.5,12.2,2.0,5.7,2.3,2.9,2.3,8.6,4.2,1.1,0.4,2.5,3.6,15.3,.447,.357,.815,saricda01
446,Alex Sarr,Projected,6.7,16.1,2.1,6.6,2.3,3.3,2.5,8.7,3.4,0.9,2.0,2.2,2.8,17.8,.414,.326,.700,sarral01
447,Marcus Sasser,Projected,6.1,13.3,2.5,6.5,1.8,2.2,0.7,3.6,5.9,1.4,0.3,2.3,2.9,16.5,.455,.383,.848,sassema01
448,Baylor Scheierman,Projected,4.5,11.2,2.3,7.0,1.4,1.8,1.8,6.3,3.4,1.5,0.4,1.4,2.3,12.7,.401,.333,.771,scheiba01
449,Dennis Schröder,Projected,5.7,13.7,2.0,5.8,3.0,3.5,0.5,3.5,6.6,1.0,0.2,2.3,2.8,16.3,.415,.348,.835,schrode01
450,Alperen Şengün,Projected,8.7,16.7,0.5,1.6,4.3,6.1,3.7,11.4,5.5,1.3,0.9,2.8,3.3,22.2,.520,.285,.704,sengual01
451,Brice Sensabaugh,Projected,6.8,14.6,3.6,8.6,1.9,2.1,1.1,5.7,3.0,1.1,0.3,2.6,2.7,18.9,.462,.414,.884,sensabr01
452,Collin Sexton,Projected,8.5,17.4,2.2,5.5,4.8,5.5,1.3,3.7,5.7,1.0,0.2,3.0,2.9,23.9,.485,.401,.858,sextoco01
453,Landry Shamet,Projected,5.4,12.1,2.8,7.4,1.3,1.6,0.7,3.4,2.2,1.1,0.3,1.3,2.9,14.8,.445,.376,.779,shamela01
454,Terrence Shannon Jr.,Projected,6.0,12.5,1.5,4.0,2.1,2.6,1.3,5.6,3.6,0.9,0.6,1.7,2.8,15.6,.483,.362,.802,shannte01
455,Day'Ron Sharpe,Projected,6.6,12.3,0.5,1.7,2.5,3.6,5.7,13.2,3.5,1.4,1.6,2.5,4.5,16.2,.538,.298,.702,sharpda01
456,Shaedon Sharpe,Projected,7.6,16.5,2.3,7.0,3.0,3.8,1.2,5.4,3.2,1.0,0.3,2.3,2.2,20.5,.459,.331,.796,sharpsh01
457,Jamal Shead,Projected,5.2,12.4,1.8,5.4,1.5,1.9,0.8,3.3,7.5,1.4,0.3,2.7,3.7,13.8,.421,.336,.777,sheadja01
458,Ben Sheppard,Projected,3.9,9.2,2.1,6.0,1.0,1.1,1.2,5.1,2.6,1.2,0.4,0.8,3.6,10.9,.427,.343,.864,sheppbe01
459,Reed Sheppard,Projected,5.1,13.1,2.6,7.3,1.1,1.4,1.1,4.9,4.2,1.8,0.9,2.0,2.8,13.9,.388,.354,.805,sheppre01
460,Pascal Siakam,Projected,8.7,16.8,1.5,4.2,3.5,4.8,1.9,7.5,4.2,0.9,0.5,1.8,2.7,22.4,.515,.369,.738,siakapa01
461,Ben Simmons,Projected,4.1,7.9,0.2,0.6,0.9,1.4,1.7,8.2,8.5,1.3,0.8,3.1,3.5,9.3,.522,.359,.660,simmobe01
462,Anfernee Simons,Projected,7.7,17.7,3.4,9.1,3.0,3.3,0.5,3.3,5.3,0.8,0.1,2.3,2.0,21.7,.434,.373,.900,simonan01
463,KJ Simpson,Projected,4.8,12.9,1.5,5.5,1.9,2.3,1.7,5.1,4.7,1.4,0.3,2.3,2.4,13.1,.376,.279,.817,simpskj01
464,Jaylen Sims,Projected,5.3,11.6,2.0,5.3,3.1,3.9,1.4,4.7,3.9,1.1,0.6,2.3,2.9,15.6,.457,.377,.791,simsja01
465,Jericho Sims,Projected,3.1,5.2,0.3,0.7,0.9,1.3,3.6,10.1,2.0,0.6,1.1,1.6,3.4,7.4,.602,.364,.697,simsje01
466,Marcus Smart,Projected,5.4,13.1,2.4,7.1,2.5,3.3,0.9,3.9,5.7,2.0,0.5,2.9,3.0,15.7,.412,.336,.760,smartma01
467,Dru Smith,Projected,4.8,10.0,2.0,4.6,1.5,2.0,1.6,5.3,3.6,2.2,0.8,2.0,3.6,13.2,.480,.440,.779,smithdr01
468,Jabari Smith Jr.,Projected,5.5,12.2,2.1,5.7,2.3,2.8,2.1,8.8,1.6,0.7,0.9,1.3,2.7,15.4,.453,.363,.821,smithja05
469,Jalen Smith,Projected,7.3,14.5,2.4,6.7,2.7,3.5,3.4,12.1,2.5,0.7,1.5,1.5,3.7,19.7,.506,.349,.770,smithja04
470,Nick Smith Jr.,Projected,6.0,14.6,2.8,7.6,1.2,1.3,0.6,3.8,3.8,0.5,0.3,2.0,2.2,16.0,.411,.371,.899,smithni01
471,Tolu Smith,Projected,6.7,13.5,1.8,4.9,2.6,3.4,2.3,7.4,3.5,1.1,0.7,2.2,3.0,17.9,.499,.366,.765,smithto05
472,Tyler Smith,Projected,6.8,13.9,2.9,6.9,2.3,2.9,1.8,7.1,2.9,1.1,0.9,2.2,2.9,18.7,.487,.413,.778,smithty02
473,Jeremy Sochan,Projected,6.3,12.7,1.0,3.1,2.2,2.9,2.8,8.6,3.8,1.1,0.7,2.2,3.1,15.8,.499,.319,.735,sochaje01
474,Cam Spencer,Projected,5.5,12.3,2.5,6.7,2.7,2.9,1.7,5.3,4.6,1.3,0.4,1.4,3.0,16.1,.443,.369,.905,spencca01
475,Pat Spencer,Projected,5.9,13.8,1.2,4.1,1.9,2.5,2.0,6.6,5.8,1.6,0.5,2.4,2.8,14.9,.429,.293,.756,spencpa01
476,Jaden Springer,Projected,4.4,10.4,1.2,4.4,2.6,3.4,1.9,6.0,3.4,2.2,0.7,1.9,4.0,12.7,.426,.278,.767,sprinja01
477,Isaiah Stevens,Projected,6.1,13.3,2.0,5.6,2.5,3.1,1.6,6.9,3.9,1.4,0.7,2.0,2.6,16.6,.459,.352,.784,steveis01
478,Lamar Stevens,Projected,6.1,13.4,1.3,4.1,2.2,2.9,1.7,7.6,2.1,1.2,0.9,1.6,2.9,15.7,.457,.320,.758,stevela01
479,Isaiah Stewart,Projected,4.7,9.1,1.0,2.8,1.8,2.4,2.8,9.3,2.7,0.7,1.9,1.7,3.7,12.3,.524,.361,.763,stewais01
480,Julian Strawther,Projected,5.6,13.0,2.5,7.1,1.9,2.4,0.5,4.1,2.5,1.1,0.5,1.5,3.7,15.7,.435,.349,.809,strawju01
481,Max Strus,Projected,4.9,11.4,2.9,8.0,1.1,1.4,1.2,5.6,4.2,0.9,0.4,1.6,2.8,13.8,.429,.366,.812,strusma01
482,Jalen Suggs,Projected,6.5,14.6,2.6,7.4,2.8,3.4,1.0,4.8,4.2,1.8,1.0,2.9,3.5,18.4,.444,.357,.822,suggsja01
483,Cole Swider,Projected,5.5,13.5,2.8,8.3,1.2,1.6,1.2,5.8,2.3,0.9,0.6,1.6,2.5,15.1,.410,.338,.749,swideco01
484,Jae'Sean Tate,Projected,4.4,9.4,1.0,3.1,1.7,2.4,2.5,6.9,2.9,1.5,0.5,1.5,4.7,11.6,.471,.329,.698,tateja01
485,Jayson Tatum,Projected,9.1,19.7,3.3,9.2,5.3,6.4,0.8,8.4,5.4,1.0,0.6,2.7,2.1,26.7,.461,.355,.825,tatumja01
486,Terry Taylor,Projected,5.3,10.9,1.2,3.7,1.8,2.3,2.5,6.7,3.1,1.0,0.6,1.7,3.0,13.6,.487,.337,.766,taylote01
487,Garrett Temple,Projected,4.0,10.8,1.4,5.0,2.0,2.4,1.6,5.3,4.1,1.9,0.5,1.8,3.4,11.5,.373,.287,.827,templga01
488,Dalen Terry,Projected,4.5,9.9,1.3,4.0,1.8,2.6,1.5,5.2,3.8,1.6,0.7,1.8,4.0,12.2,.459,.336,.702,terryda01
489,Daniel Theis,Projected,4.7,9.4,0.9,2.7,1.7,2.2,2.6,8.7,3.0,0.9,1.4,1.6,4.1,11.9,.493,.312,.789,theisda01
490,Cam Thomas,Projected,8.9,19.9,2.7,7.4,5.3,6.2,0.6,4.0,3.8,0.8,0.2,2.4,2.2,25.9,.450,.365,.868,thomaca02
491,Amen Thompson,Projected,6.4,11.5,0.5,1.7,2.8,4.0,3.3,9.5,4.3,1.7,1.3,2.2,2.9,16.0,.556,.270,.698,thompam01
492,Ausar Thompson,Projected,6.3,12.0,0.5,2.0,2.2,3.4,2.9,8.6,3.4,2.2,1.2,2.0,4.1,15.3,.523,.242,.648,thompau01
493,Klay Thompson,Projected,7.1,16.9,4.0,10.3,1.6,1.7,0.7,4.4,2.7,0.9,0.5,1.8,1.8,19.7,.417,.385,.897,thompkl01
494,Tristan Thompson,Projected,4.5,9.0,0.4,1.3,1.2,3.3,3.5,11.6,3.1,0.6,1.0,1.8,3.7,10.6,.495,.313,.364,thomptr01
495,JT Thor,Projected,4.2,9.3,1.3,3.9,1.4,2.1,2.1,6.7,1.7,0.9,1.1,1.2,2.6,11.1,.447,.342,.698,thorjt01
496,Matisse Thybulle,Projected,3.9,8.9,2.0,5.4,0.8,1.2,1.1,4.4,2.5,2.8,1.1,1.2,2.3,10.5,.435,.371,.669,thybuma01
497,Xavier Tillman Sr.,Projected,4.5,10.1,0.8,3.3,1.1,2.0,2.4,7.7,2.7,1.7,1.2,1.6,2.8,10.9,.441,.248,.580,tillmxa01
498,Drew Timme,Projected,6.4,14.0,1.6,5.2,1.9,2.7,2.1,8.3,3.3,0.8,0.4,2.1,2.9,16.2,.457,.306,.704,timmedr01
499,Nae'Qwan Tomlin,Projected,6.6,14.7,1.8,5.6,3.1,4.1,2.6,8.2,3.2,0.9,0.7,1.8,3.4,18.2,.452,.321,.762,tomlina01
500,Jacob Toppin,Projected,5.6,12.1,2.1,5.2,1.8,2.2,1.7,6.8,3.6,1.1,0.5,1.8,2.4,15.1,.464,.398,.798,toppija01
501,Obi Toppin,Projected,7.1,13.3,2.4,6.5,1.9,2.5,1.5,7.1,2.9,1.0,0.7,1.5,2.7,18.6,.535,.375,.780,toppiob01
502,Karl-Anthony Towns,Projected,8.8,17.0,2.1,5.2,4.6,5.5,2.6,11.6,3.3,0.9,0.7,2.9,3.6,24.3,.515,.412,.839,townska01
503,Armel Traoré,Projected,5.5,12.4,1.5,5.0,2.1,3.4,1.5,7.1,3.0,1.5,0.8,1.9,2.8,14.6,.441,.292,.632,armeltr01
504,Luke Travers,Projected,4.9,11.5,1.3,4.9,2.0,2.4,2.3,7.2,3.8,1.0,0.6,2.5,2.6,13.0,.422,.274,.810,travelu01
505,Gary Trent Jr.,Projected,5.9,13.7,3.2,8.0,1.6,2.0,0.5,3.4,1.9,1.4,0.2,0.9,2.1,16.8,.433,.404,.822,trentga02
506,Oscar Tshiebwe,Projected,6.2,11.5,0.8,2.1,3.1,4.1,4.7,13.2,2.3,1.6,0.4,1.6,3.1,16.3,.540,.364,.757,tshieos01
507,P.J. Tucker,Projected,2.5,6.0,1.2,3.3,0.8,0.9,1.8,5.8,1.6,0.9,0.5,1.0,3.7,7.1,.424,.375,.798,tuckepj01
508,Myles Turner,Projected,7.1,14.2,2.3,6.1,3.5,4.5,1.6,8.2,1.9,0.8,2.4,2.0,3.4,19.9,.499,.382,.774,turnemy01
509,Hunter Tyson,Projected,4.8,11.7,2.1,6.5,2.0,2.6,2.0,7.0,2.4,1.0,0.6,1.5,3.7,13.7,.412,.326,.765,tysonhu01
510,Jaylon Tyson,Projected,5.5,12.2,1.7,4.8,1.8,2.3,2.6,7.5,3.7,1.1,0.4,2.0,3.6,14.6,.450,.359,.794,tysonja01
511,Stanley Umude,Projected,4.7,11.5,2.1,5.9,2.5,3.1,1.4,6.5,2.5,1.1,1.2,1.7,3.6,14.1,.409,.365,.811,umudest01
512,Jonas Valančiūnas,Projected,7.8,14.3,0.5,1.7,3.2,3.8,3.9,13.8,3.5,0.7,1.1,2.6,4.2,19.2,.543,.294,.835,valanjo01
513,Jarred Vanderbilt,Projected,4.3,8.4,0.7,2.3,1.6,2.5,3.3,10.2,2.9,1.9,0.5,1.8,3.5,10.8,.508,.317,.652,vandeja01
514,Fred VanVleet,Projected,5.3,13.5,2.8,7.9,2.3,2.8,0.5,3.9,6.4,1.5,0.6,1.6,2.5,15.8,.393,.356,.838,vanvlfr01
515,Devin Vassell,Projected,7.5,16.4,2.8,7.5,2.1,2.6,0.6,4.6,3.8,1.4,0.5,1.7,1.7,19.9,.459,.376,.798,vassede01
516,Gabe Vincent,Projected,4.2,10.3,2.4,7.0,0.7,0.9,0.6,2.6,2.6,1.2,0.3,1.2,3.4,11.4,.403,.341,.770,vincega01
517,Nikola Vučević,Projected,8.2,16.2,1.7,4.8,1.7,2.2,2.7,11.1,3.8,0.9,0.8,1.8,2.6,19.9,.505,.358,.807,vucevni01
518,Tristan Vukcevic,Projected,8.0,16.0,2.5,6.9,3.5,4.5,1.8,8.7,3.1,0.9,1.5,2.6,3.9,22.0,.497,.370,.785,vukcetr01
519,Dean Wade,Projected,3.4,8.1,2.3,6.3,0.7,1.1,1.4,7.0,2.1,1.2,0.7,0.8,3.0,9.8,.420,.368,.647,wadede01
520,Franz Wagner,Projected,8.9,18.6,1.8,5.7,4.5,5.2,1.1,6.0,4.7,1.3,0.4,2.3,2.6,24.0,.478,.308,.864,wagnefr01
521,Moritz Wagner,Projected,8.2,14.5,1.4,4.1,4.4,5.7,2.6,8.8,2.7,1.2,0.6,2.6,3.8,22.2,.564,.344,.774,wagnemo01
522,Jabari Walker,Projected,5.5,11.1,1.2,3.4,2.6,3.5,2.9,10.2,1.9,1.2,0.4,1.5,3.7,14.7,.491,.352,.739,walkeja01
523,Jarace Walker,Projected,5.4,11.2,2.3,5.6,1.5,2.1,0.9,7.0,3.6,1.6,0.8,2.2,3.3,14.5,.476,.411,.708,walkeja02
524,Lonnie Walker IV,Projected,6.9,16.0,3.2,8.7,1.9,2.4,0.6,4.6,3.1,1.0,0.6,1.8,2.3,19.0,.432,.370,.798,walkelo01
525,Cason Wallace,Projected,4.7,9.6,1.7,4.3,0.7,0.9,1.3,4.5,3.2,2.1,0.7,1.1,2.7,11.8,.491,.389,.806,wallaca01
526,Keaton Wallace,Projected,5.1,12.0,2.0,5.8,1.2,1.4,0.8,4.4,5.4,1.8,0.7,2.3,2.8,13.4,.423,.340,.875,wallake01
527,Jordan Walsh,Projected,3.7,8.9,1.5,5.0,1.2,1.7,2.0,6.6,2.4,1.2,0.9,1.6,2.8,10.2,.420,.309,.699,walshjo01
528,Ja'Kobe Walter,Projected,5.5,12.8,2.2,6.0,2.3,2.8,1.9,5.6,2.9,1.4,0.4,1.6,3.0,15.4,.427,.364,.802,walteja01
529,Kel'el Ware,Projected,6.7,11.9,1.0,3.1,1.3,1.9,2.9,11.7,1.8,1.0,1.7,1.5,2.7,15.7,.557,.336,.715,wareke01
530,P.J. Washington,Projected,6.0,13.3,2.0,5.6,2.3,3.2,1.5,7.6,2.6,1.2,1.1,2.0,2.7,16.2,.449,.354,.718,washipj01
531,TyTy Washington Jr.,Projected,5.3,13.3,1.6,5.8,1.6,2.3,1.2,5.1,4.2,1.2,0.3,1.5,2.1,13.8,.396,.282,.691,washity02
532,Lindy Waters III,Projected,4.8,12.0,3.1,8.6,0.7,0.9,1.0,5.3,2.7,1.1,0.6,1.1,2.9,13.5,.400,.361,.772,waterli01
533,Trendon Watford,Projected,6.5,13.1,1.2,3.3,3.3,4.3,1.7,7.0,4.2,1.1,0.6,2.8,3.8,17.6,.497,.359,.772,watfotr01
534,Anton Watson,Projected,6.3,13.5,1.8,5.1,2.3,2.9,1.7,6.5,3.9,1.3,0.7,2.2,3.0,16.7,.470,.353,.783,watsoan02
535,Peyton Watson,Projected,4.8,10.0,1.1,3.3,2.0,2.9,1.2,5.6,2.2,1.1,2.0,1.3,2.8,12.8,.483,.346,.700,watsope01
536,Jaylen Wells,Projected,5.3,12.0,2.5,6.8,2.0,2.5,1.6,5.0,2.6,0.8,0.2,1.3,2.5,15.0,.440,.364,.824,wellsja01
537,Victor Wembanyama,Projected,9.6,19.8,2.9,8.1,4.2,5.2,2.3,12.3,4.3,1.4,4.1,3.7,2.5,26.2,.483,.355,.822,wembavi01
538,Blake Wesley,Projected,4.5,10.0,0.9,3.0,2.1,3.2,0.9,4.0,6.1,1.6,0.4,2.6,2.9,12.1,.453,.307,.665,weslebl01
539,Russell Westbrook,Projected,6.5,14.8,1.5,4.7,2.7,4.0,1.8,6.7,7.5,1.7,0.6,4.0,3.1,17.2,.441,.307,.663,westbru01
540,Phillip Wheeler,Projected,5.5,14.1,1.6,6.1,2.4,2.9,1.7,6.7,3.5,1.2,0.9,1.8,2.3,15.1,.394,.268,.812,wheelph02
541,Coby White,Projected,7.1,15.6,2.9,7.8,3.4,3.9,0.5,4.3,4.9,0.9,0.2,2.3,2.3,20.6,.457,.377,.882,whiteco01
542,Derrick White,Projected,5.8,13.1,3.3,8.6,2.0,2.4,0.9,4.8,5.1,1.0,1.2,1.8,2.2,17.0,.447,.383,.855,whitede01
543,Cam Whitmore,Projected,8.1,17.5,2.9,7.9,2.7,3.6,1.7,7.0,2.2,1.3,0.6,1.9,2.2,21.8,.464,.370,.737,whitmca01
544,Aaron Wiggins,Projected,6.9,13.6,2.4,5.9,1.6,2.0,1.7,6.0,2.8,1.3,0.4,1.5,2.3,17.7,.504,.400,.818,wiggiaa01
545,Andrew Wiggins,Projected,7.1,15.7,2.3,6.1,3.2,4.3,1.8,5.6,2.8,1.1,0.9,1.8,2.3,19.6,.450,.369,.754,wiggian01
546,Alondes Williams,Projected,6.5,13.5,2.0,5.6,2.5,3.1,1.5,6.2,3.9,1.1,0.8,2.2,2.8,17.4,.479,.364,.792,willial06
547,Brandon Williams,Projected,7.0,14.0,1.8,4.7,3.7,4.6,1.1,4.8,5.3,1.5,0.5,2.6,2.4,19.5,.499,.377,.810,willibr03
548,Cody Williams,Projected,3.4,9.3,1.3,4.7,1.2,1.6,1.0,4.3,2.3,0.9,0.6,1.5,3.1,9.3,.364,.287,.751,willico04
549,Grant Williams,Projected,4.5,9.9,2.1,5.5,2.0,2.5,1.5,5.8,2.9,0.9,0.7,1.8,3.6,13.1,.456,.377,.784,willigr01
550,Jalen Williams,Projected,8.7,17.2,1.8,4.8,3.4,4.3,0.9,5.6,5.4,1.6,0.7,2.2,2.6,22.8,.509,.386,.802,willija06
551,Jaylin Williams,Projected,4.5,10.1,2.5,6.2,1.4,1.7,1.9,10.6,4.9,1.1,1.1,1.5,3.6,12.8,.447,.397,.780,willija07
552,Jeenathan Williams,Projected,6.7,14.0,1.5,5.0,1.9,2.7,1.8,5.2,2.9,1.5,0.7,2.4,3.2,16.7,.478,.305,.689,willije02
553,Kenrich Williams,Projected,5.2,11.0,2.0,5.2,0.8,1.2,2.1,7.4,3.2,1.3,0.4,1.3,3.5,13.3,.478,.383,.681,willike04
554,Mark Williams,Projected,7.9,13.1,0.2,0.6,3.7,4.8,4.1,13.1,3.0,1.1,1.6,2.0,3.2,19.8,.606,.320,.787,willima07
555,Patrick Williams,Projected,4.9,11.5,2.1,5.5,1.5,2.0,1.2,5.5,2.6,1.2,0.9,1.8,2.2,13.4,.428,.376,.764,willipa01
556,Robert Williams,Projected,5.5,9.1,0.5,1.4,1.7,2.2,3.3,10.9,2.5,1.3,2.4,1.8,3.2,13.2,.600,.355,.793,williro04
557,Vince Williams Jr.,Projected,4.7,10.9,2.0,5.9,2.2,2.7,1.6,7.2,4.2,1.1,0.7,2.3,3.2,13.6,.436,.334,.800,willivi01
558,Ziaire Williams,Projected,5.2,12.4,2.3,6.8,2.3,2.8,1.4,6.6,2.3,1.4,0.6,1.8,3.3,15.1,.421,.339,.823,willizi02
559,Zion Williamson,Projected,10.8,18.8,0.3,0.8,5.9,8.6,2.5,7.7,6.0,1.4,0.9,3.3,2.9,27.8,.572,.330,.690,willizi01
560,Jalen Wilson,Projected,4.5,10.9,2.1,6.0,2.4,2.9,1.5,5.3,2.7,0.7,0.2,1.4,2.8,13.5,.412,.343,.821,wilsoja03
561,James Wiseman,Projected,6.6,11.5,0.4,1.2,2.6,3.6,3.2,10.3,2.1,0.5,1.2,2.1,4.2,16.3,.577,.329,.733,wisemja01
562,Isaiah Wong,Projected,5.9,13.9,1.9,4.9,3.1,4.1,1.8,5.2,3.9,1.4,0.3,2.3,2.8,16.8,.424,.381,.754,wongis01
563,Delon Wright,Projected,3.5,8.8,1.3,4.0,1.4,1.9,1.4,4.4,4.8,2.1,0.6,1.2,1.7,9.6,.395,.314,.740,wrighde01
564,Guerschon Yabusele,Projected,5.4,10.9,2.0,5.2,1.9,2.7,2.5,7.4,2.9,1.1,0.5,1.7,3.1,14.7,.495,.376,.727,yabusgu01
565,Jahmir Young,Projected,6.1,12.2,1.9,5.1,2.5,3.1,1.6,6.2,4.5,1.1,0.6,2.0,2.7,16.6,.498,.376,.810,youngja05
566,Trae Young,Projected,7.7,18.2,2.9,8.2,6.5,7.4,0.5,3.2,11.0,1.2,0.2,4.4,1.9,24.7,.421,.350,.871,youngtr01
567,Ivica Zubac,Projected,7.5,12.0,0.1,0.2,2.3,3.3,4.0,13.2,2.6,0.7,1.3,1.7,2.7,17.4,.626,.365,.684,zubaciv01
